<?xml version="1.0" encoding="UTF-8" standalone="no"?>
<COLLADA xmlns="http://www.collada.org/2005/11/COLLADASchema" version="1.4.1">
  <asset>
    <contributor>
      <author>Poyo</author>
      <authoring_tool>GMDTool</authoring_tool>
    </contributor>
    <created>2020-08-21T15:52:25</created>
    <modified>2020-08-21T15:52:25</modified>
    <unit name="meter" meter="1" />
    <up_axis>Y_UP</up_axis>
  </asset>
  <library_images>
    <image id="headphone_mt1-diffuse-image">
      <init_from>acc000_13_Textures\acc000_13.png</init_from>
    </image>
  </library_images>
  <library_effects>
    <effect id="outline-fx" name="outline">
      <profile_COMMON>
        <technique sid="standard">
          <phong>
            <emission>
              <color sid="emission">0 0 0 0</color>
            </emission>
            <ambient>
              <color sid="ambient">0.1490196 0.03921569 0.1490196 0</color>
            </ambient>
            <diffuse>
              <color sid="diffuse">0 0 0 0.7</color>
            </diffuse>
            <specular>
              <color sid="specular">0 0 0 1</color>
            </specular>
          </phong>
        </technique>
      </profile_COMMON>
    </effect>
    <effect id="headphone_mt1-fx" name="headphone_mt1">
      <profile_COMMON>
        <newparam sid="headphone_mt1-diffuse-surface">
          <surface type="2D">
            <init_from>headphone_mt1-diffuse-image</init_from>
          </surface>
        </newparam>
        <newparam sid="headphone_mt1-diffuse-sampler">
          <sampler2D>
            <source>headphone_mt1-diffuse-surface</source>
          </sampler2D>
        </newparam>
        <technique sid="standard">
          <phong>
            <emission>
              <color sid="emission">0 0 0 0</color>
            </emission>
            <ambient>
              <color sid="ambient">0.6 0.6 0.6 0</color>
            </ambient>
            <diffuse>
              <texture texture="headphone_mt1-diffuse-sampler" texcoord="CHANNEL0" />
            </diffuse>
            <specular>
              <color sid="specular">0 0 0 1</color>
            </specular>
          </phong>
        </technique>
      </profile_COMMON>
    </effect>
  </library_effects>
  <library_materials>
    <material id="outline" name="outline">
      <instance_effect url="#outline-fx" />
    </material>
    <material id="headphone_mt1" name="headphone_mt1">
      <instance_effect url="#headphone_mt1-fx" />
    </material>
  </library_materials>
  <library_geometries>
    <geometry id="meshId0" name="meshId0">
      <mesh>
        <source id="meshId0-positions" name="meshId0-positions">
          <float_array id="meshId0-positions-array" count="2358">-9.240927 3.119086 2.341465 -9.427002 3.746852 1.635926 -9.902807 3.646377 1.665299 -9.723797 2.949767 2.354601 -10.15139 4.703866 0.4373624 -10.01798 4.089322 0.9482255 -9.52306 4.159203 0.9477604 -9.572375 4.763393 0.442445 -9.490402 2.11307 2.907971 -9.2985 1.461283 3.245872 -8.806864 1.589876 3.215564 -9.003148 2.261967 2.88567 -8.967548 1.251611 3.345549 -9.723797 2.949767 2.354601 -9.902807 3.646377 1.665299 -9.851185 3.353023 1.451154 -9.711854 2.729667 2.121989 -9.427002 3.746852 1.635926 -9.240927 3.119086 2.341465 -9.228985 2.898688 2.109361 -9.375379 3.454843 1.424248 -10.15139 4.703866 0.4373624 -10.14849 4.552464 -1.454396 -10.12362 3.772036 -1.314431 -10.11895 3.865738 -0.1356847 -10.07197 3.452013 -2.047758 -10.12362 3.772036 -1.314431 -10.14849 4.552464 -1.454396 -10.07734 3.867477 -2.371872 -9.490402 2.11307 2.907971 -9.484429 2.030993 2.606883 -9.2985 1.405896 2.946687 -9.2985 1.461283 3.245872 -9.003148 2.261967 2.88567 -8.806864 1.589876 3.215564 -8.806864 1.534243 2.915944 -8.997178 2.180069 2.584893 -8.967548 1.197066 3.047711 -8.967548 1.251611 3.345549 -8.967548 1.197066 3.047711 -8.967548 1.251611 3.345549 -9.507268 3.792018 0.6272011 -9.52306 4.159203 0.9477604 -10.01798 4.089322 0.9482255 -10.02531 3.721317 0.6232374 -2.494885 15.6487 1.582455 -2.419492 15.01181 1.582455 0 15.23293 1.582455 0 15.8904 1.582455 -6.61153 13.5851 1.582455 -8.187816 11.58455 1.582455 -7.868994 11.38276 1.582455 -6.372307 13.29581 1.582455 -9.216112 1.217733 -3.885452 -9.698982 1.088328 -3.84731 -9.912722 2.261659 -3.657959 -9.434731 2.37513 -3.680499 -8.931186 0.02570124 -3.840332 -8.718621 -0.8475546 -3.74852 -9.210258 -0.9689647 -3.679628 -9.418437 -0.09944113 -3.783189 -8.879306 -1.191552 -3.683934 -9.698982 1.088328 -3.84731 -9.687039 1.093369 -3.460598 -9.857418 2.085551 -3.294464 -9.912722 2.261659 -3.657959 -9.434731 2.37513 -3.680499 -9.379428 2.198297 -3.315658 -9.20417 1.222445 -3.460582 -9.216112 1.217733 -3.885452 -8.931186 0.02570124 -3.840332 -8.925213 0.05621246 -3.480674 -8.718621 -0.7954311 -3.459581 -8.718621 -0.8475546 -3.74852 -9.418437 -0.09944113 -3.783189 -9.210258 -0.9689647 -3.679628 -9.210258 -0.9170426 -3.390497 -9.412467 -0.06920128 -3.424342 -8.879306 -1.191552 -3.683934 -8.879306 -1.140228 -3.393713 -8.879306 -1.140228 -3.393713 -8.879306 -1.191552 -3.683934 -9.546259 3.219867 -3.166941 -9.494232 2.944235 -2.794834 -10.03222 3.123309 -3.17008 -9.546259 3.219867 -3.166941 -10.00256 2.848493 -2.801563 -10.03222 3.123309 -3.17008 0 14.94143 -0.9960285 -2.3441 14.7409 -0.9960285 -2.419492 15.01181 -0.9960285 0 15.23293 -0.9960285 -4.469367 14.38218 -0.9960285 -4.329261 14.13594 -0.9960285 -6.372307 13.29581 -0.9960285 -6.178169 13.07832 -0.9960285 -7.593598 11.2476 -0.9960285 -7.868994 11.38276 -0.9960285 0 16.42981 0.2932134 -2.588986 16.15685 0.2932134 -6.873567 13.91871 0.2932134 -8.506371 11.74893 0.2932134 -6.178169 13.07832 1.582455 -7.593598 11.2476 1.582455 -7.344867 11.03947 0.2932135 -5.938452 12.83581 0.2932135 0 14.94143 1.582455 -2.3441 14.7409 1.582455 -2.3441 14.41795 0.2932135 0 14.6124 0.2932135 -9.851185 3.353023 1.451154 -10.02531 3.721317 0.6232374 -9.507268 3.792018 0.6272011 -9.375379 3.454843 1.424248 -9.228985 2.898688 2.109361 -9.711854 2.729667 2.121989 -10.12362 3.772036 -1.314431 -10.07197 3.452013 -2.047758 -9.537955 3.523065 -2.033471 -9.56426 3.77222 -1.306357 -9.379428 2.198297 -3.315658 -9.494232 2.944235 -2.794834 -10.00256 2.848493 -2.801563 -9.857418 2.085551 -3.294464 -9.687039 1.093369 -3.460598 -9.20417 1.222445 -3.460582 -10.11895 3.865738 -0.1356847 -9.577823 3.925289 -0.1267673 -10.14849 4.552464 -1.454396 -9.569476 4.614525 -1.446664 -9.58242 3.94118 -2.364862 -10.07734 3.867477 -2.371872 -9.577823 3.925289 -0.1267673 -9.572375 4.763393 0.442445 -9.58242 3.94118 -2.364862 -9.569476 4.614525 -1.446664 -9.56426 3.77222 -1.306357 -9.537955 3.523065 -2.033471 -9.204189 10.33311 0.2932134 -9.009663 10.26169 1.582455 -8.366825 9.913397 -0.9960285 -8.580661 10.05824 -0.9960285 -7.680817 10.57646 0.2932135 -8.366825 9.913397 1.582455 -8.580661 10.05824 1.582455 -9.03551 8.47728 1.582455 -8.366825 9.913397 1.582455 -9.03551 8.47728 1.582455 -9.03551 8.47728 -0.9960285 -8.366825 9.913397 -0.9960285 -8.366825 9.913397 1.582455 -8.580661 10.05824 -0.9960285 -9.03551 8.47728 -0.9960285 -9.618994 8.589917 -0.9960285 -9.706758 8.589917 0.2932134 -9.009663 10.26169 -0.9960285 -9.512231 8.589917 1.582455 -9.68845 7.901194 1.247836 -9.200586 7.80188 1.247912 -9.03551 8.47728 1.582455 -9.1974 7.79891 -0.99393 -9.200586 7.80188 1.247912 -9.1974 7.79891 -0.99393 -9.766872 7.898224 -0.9940056 -9.618994 8.589917 -0.9960285 -9.03551 8.47728 -0.9960285 -9.811869 7.89464 0.3043415 -9.706758 8.589917 0.2932134 -9.512231 8.589917 1.582455 0 15.23293 1.582455 -2.419492 15.01181 1.582455 -7.868994 11.38276 1.582455 -6.372307 13.29581 1.582455 -8.580661 10.05824 1.582455 0 15.23293 -0.9960285 -2.419492 15.01181 -0.9960285 -2.494885 15.6487 -0.9960285 0 15.8904 -0.9960285 -4.609472 14.87043 -0.9960285 -4.469367 14.38218 -0.9960285 -6.61153 13.5851 -0.9960285 -6.372307 13.29581 -0.9960285 -7.868994 11.38276 -0.9960285 -8.187816 11.58455 -0.9960285 -8.366825 9.913397 -0.9960285 -10.12362 3.772036 -1.314431 -9.56426 3.77222 -1.306357 -9.577823 3.925289 -0.1267673 -10.11895 3.865738 -0.1356847 -4.78021 15.35271 0.2932134 -4.609472 14.87043 1.582455 -4.249355 13.84183 0.2932135 -4.329261 14.13594 1.582455 -4.469367 14.38218 1.582455 -4.469367 14.38218 1.582455 -9.911462 2.352653 1.984556 -8.922385 2.685815 1.980832 -9.182788 3.66271 0.5002661 -10.17928 3.319559 0.5309432 -9.239806 3.631689 -1.131144 -10.23557 3.287117 -1.074751 -8.410318 -4.355713 0.9723234 -7.417438 -4.125059 0.9422986 -7.524796 -3.179697 2.582444 -8.501831 -3.423233 2.589328 -7.854379 -1.324556 3.264529 -8.856047 -1.590242 3.250521 -8.335538 0.8247054 3.007589 -9.317815 0.5195507 2.983053 -9.935603 0.9203909 1.060051 -9.63118 -0.1584148 1.696686 -5.836929 0.3240377 -0.1744861 -5.427693 -1.079008 1.72662 -5.28636 -2.01782 0.4267663 -6.241323 -4.372812 0.9893358 -5.116277 -4.22472 0.9385264 -5.23672 -3.1871 2.672164 -6.361106 -3.316489 2.815112 -7.143311 4.713881 0.3355675 -7.223882 4.757456 -1.451931 -8.286414 4.346155 -1.334267 -8.221755 4.387272 0.5225452 -6.815416 3.643756 2.177116 -7.899306 3.308026 2.184184 -6.170285 1.462337 3.381694 -7.270865 1.184057 3.372944 -6.722907 -1.280722 3.619969 -5.60765 -1.065312 3.645794 -10.13655 2.535128 -2.578088 -9.138762 2.865008 -2.660282 -8.878674 1.298751 -3.467493 -9.868651 0.9871028 -3.379053 -8.496688 -4.241145 -0.8772868 -7.480324 -4.00982 -0.9339348 -8.810977 -3.323858 -2.326242 -7.807868 -3.08036 -2.395774 -9.311418 -1.412814 -3.300721 -8.330176 -1.134696 -3.37904 -5.405513 -1.780598 -1.120861 -6.311099 -4.250885 -1.119228 -5.189181 -4.070191 -1.075517 -7.096185 3.847191 -3.076983 -8.172169 3.476152 -3.072608 -6.794766 2.030904 -4.20396 -7.879879 1.735548 -4.014513 -6.163382 -0.7741731 -4.026714 -7.26408 -1.009503 -3.892185 -6.670626 -3.228648 -2.758271 -5.554112 -3.060166 -2.88453 -9.368651 -1.41619 1.75874 -9.216712 -2.505678 -0.3630081 -9.188166 -2.512587 0.5184869 -9.241668 -2.120164 1.302874 -10.07384 1.311265 0.3351683 -6.270087 2.464698 0.7290283 -5.839763 0.8910615 1.928825 -5.834427 -0.1966264 -2.223454 -6.248204 1.733931 -2.070147 -6.386548 2.659131 -0.8206197 -6.170285 1.462337 3.381694 -6.815416 3.643756 2.177116 -7.143311 4.713881 0.3355675 -7.223882 4.757456 -1.451931 -7.096185 3.847191 -3.076983 -6.794766 2.030904 -4.20396 -6.163382 -0.7741731 -4.026714 -5.554112 -3.060166 -2.88453 -5.189181 -4.070191 -1.075517 -5.116277 -4.22472 0.9385264 -5.23672 -3.1871 2.672164 -5.60765 -1.065312 3.645794 -9.342072 -2.128903 -1.078641 -6.463634 -3.268698 2.769198 -6.361106 -3.316489 2.815112 -6.722907 -1.280722 3.619969 -6.819705 -1.264015 3.553052 -6.34609 -4.305501 0.9771724 -6.241323 -4.372812 0.9893358 -6.414601 -4.184393 -1.091584 -6.311099 -4.250885 -1.119228 -6.768443 -3.178745 -2.697547 -6.670626 -3.228648 -2.758271 -7.349281 -1.007599 -3.80474 -7.26408 -1.009503 -3.892185 -7.953243 1.681939 -3.922593 -7.879879 1.735548 -4.014513 -8.239878 3.391769 -3.005678 -8.172169 3.476152 -3.072608 -8.351842 4.243804 -1.302859 -8.286414 4.346155 -1.334267 -8.288482 4.282964 0.5137541 -8.221755 4.387272 0.5225452 -7.97165 3.221514 2.144296 -7.899306 3.308026 2.184184 -7.355817 1.145396 3.305925 -7.270865 1.184057 3.372944 -7.349281 -1.007599 -3.80474 -8.235394 -1.179894 -3.62992 -8.821229 1.427893 -3.723514 -7.953243 1.681939 -3.922593 -6.768443 -3.178745 -2.697547 -7.673318 -3.277663 -2.562928 -6.414601 -4.184393 -1.091584 -7.327855 -4.259098 -0.9978889 -6.34609 -4.305501 0.9771724 -7.260907 -4.376761 1.008774 -6.463634 -3.268698 2.769198 -7.375414 -3.370317 2.751457 -6.819705 -1.264015 3.553052 -7.723049 -1.417114 3.501405 -7.355817 1.145396 3.305925 -8.241546 0.9076526 3.245065 -7.97165 3.221514 2.144296 -8.868157 2.918703 2.132152 -8.288482 4.282964 0.5137541 -9.146284 3.951986 0.5526063 -8.351842 4.243804 -1.302859 -9.207296 3.913879 -1.205322 -8.239878 3.391769 -3.005678 -9.099157 3.091104 -2.847112 -7.807868 -3.08036 -2.395774 -8.330176 -1.134696 -3.37904 -8.235394 -1.179894 -3.62992 -7.673318 -3.277663 -2.562928 -7.480324 -4.00982 -0.9339348 -7.327855 -4.259098 -0.9978889 -7.417438 -4.125059 0.9422986 -7.260907 -4.376761 1.008774 -7.524796 -3.179697 2.582444 -7.375414 -3.370317 2.751457 -7.854379 -1.324556 3.264529 -7.723049 -1.417114 3.501405 -8.335538 0.8247054 3.007589 -8.241546 0.9076526 3.245065 -8.922385 2.685815 1.980832 -8.868157 2.918703 2.132152 -9.182788 3.66271 0.5002661 -9.146284 3.951986 0.5526063 -9.239806 3.631689 -1.131144 -9.207296 3.913879 -1.205322 -9.138762 2.865008 -2.660282 -9.099157 3.091104 -2.847112 -8.878674 1.298751 -3.467493 -8.821229 1.427893 -3.723514 -10.14587 5.376402 0.2196335 -10.13812 5.370031 -1.021625 -9.537472 5.348451 -1.021588 -10.13812 5.370031 -1.021625 -9.537472 5.348451 -1.021588 -9.545218 5.36236 0.2200805 -10.14587 5.376402 0.2196335 -9.545218 5.36236 0.2200805 -9.480725 6.0797 0.1579628 -10.0664 6.161 0.158596 -9.471032 6.06097 -0.9731786 -9.480725 6.0797 0.1579628 -10.05671 6.143209 -0.9715723 -9.471032 6.06097 -0.9731786 -10.0664 6.161 0.158596 -10.05671 6.143209 -0.9715723 -10.15139 4.703866 0.4373624 -10.11895 3.865738 -0.1356847 -10.10386 1.290274 -0.5089425 -10.05342 0.8948748 -1.268257 -9.915276 0.1963651 -1.713027 -9.625957 -1.040783 -1.674173 -9.625957 -1.040783 -1.674173 -10.0664 6.161 0.158596 -9.942663 6.956975 0.3297769 -9.943289 6.956055 -0.9854659 -10.05671 6.143209 -0.9715723 -9.372038 6.852426 0.3287612 -9.480725 6.0797 0.1579628 -9.372663 6.850169 -0.9861027 -9.372038 6.852426 0.3287612 -9.372663 6.850169 -0.9861027 -9.471032 6.06097 -0.9731786 9.240927 3.119087 2.341484 9.723797 2.949767 2.354601 9.902807 3.646457 1.665299 9.427002 3.746852 1.635926 10.15139 4.703866 0.43736 9.572375 4.763344 0.4424581 9.52306 4.159204 0.9477595 10.01798 4.089323 0.9482249 9.490402 2.11307 2.907971 9.003148 2.261967 2.88567 8.806864 1.589876 3.215564 9.2985 1.461284 3.245872 8.967548 1.251611 3.345549 9.723797 2.949767 2.354601 9.711854 2.72967 2.122075 9.851185 3.353064 1.452275 9.902807 3.646457 1.665299 9.427002 3.746852 1.635926 9.375379 3.454865 1.424807 9.228985 2.898691 2.109469 9.240927 3.119087 2.341484 10.15139 4.703866 0.43736 10.11895 3.865741 -0.1356883 10.12362 3.772039 -1.314437 10.14849 4.552471 -1.454402 10.07197 3.451959 -2.046775 10.07734 3.867485 -2.37188 10.14849 4.552471 -1.454402 10.12362 3.772039 -1.314437 9.490402 2.11307 2.907971 9.2985 1.461284 3.245872 9.2985 1.406264 2.947182 9.484429 2.030993 2.606883 9.003148 2.261967 2.88567 8.997178 2.180069 2.584893 8.806864 1.535143 2.917767 8.806864 1.589876 3.215564 8.967548 1.251611 3.345549 8.967548 1.200321 3.054335 8.967548 1.200321 3.054335 8.967548 1.251611 3.345549 9.52306 4.159204 0.9477595 9.507268 3.792075 0.6289396 10.02531 3.721333 0.6231582 10.01798 4.089323 0.9482249 2.494885 15.6487 1.582455 2.419492 15.01181 1.582455 6.61153 13.5851 1.582455 6.372307 13.29581 1.582455 7.868994 11.38276 1.582455 8.187816 11.58455 1.582455 9.216112 1.217733 -3.885452 9.434731 2.375134 -3.680609 9.912722 2.261659 -3.658102 9.698982 1.088328 -3.84731 8.931186 0.02570441 -3.836426 9.418437 -0.09943794 -3.78319 9.210258 -0.9691581 -3.679411 8.718621 -0.847748 -3.7483 8.879306 -1.191635 -3.683841 9.698982 1.088328 -3.84731 9.912722 2.261659 -3.658102 9.857418 2.085557 -3.294841 9.687039 1.093373 -3.460992 9.434731 2.375134 -3.680609 9.216112 1.217733 -3.885452 9.20417 1.222449 -3.460887 9.379428 2.198309 -3.316067 8.931186 0.02570441 -3.836426 8.718621 -0.847748 -3.7483 8.718621 -0.7957605 -3.459109 8.925213 0.0557688 -3.480057 9.418437 -0.09943794 -3.78319 9.412467 -0.06951044 -3.423804 9.210258 -0.9173318 -3.390156 9.210258 -0.9691581 -3.679411 8.879306 -1.141159 -3.391271 8.879306 -1.191635 -3.683841 8.879306 -1.141159 -3.391271 8.879306 -1.191635 -3.683841 9.494232 2.944268 -2.795399 9.546259 3.219874 -3.166947 9.546259 3.219874 -3.166947 10.03222 3.123314 -3.170076 10.03222 3.123314 -3.170076 10.00256 2.848491 -2.801563 2.419492 15.01181 -0.9960285 2.3441 14.7409 -0.9960285 4.469367 14.38218 -0.9960285 4.329261 14.13594 -0.9960285 6.372307 13.29581 -0.9960285 7.868994 11.38276 -0.9960285 7.593598 11.2476 -0.9960285 6.178169 13.07832 -0.9960285 2.588986 16.15685 0.2932134 8.506371 11.74893 0.2932134 6.873567 13.91871 0.2932134 6.178169 13.07832 1.582455 5.938452 12.83581 0.2932135 7.344867 11.03947 0.2932135 7.593598 11.2476 1.582455 2.3441 14.41795 0.2932135 2.3441 14.7409 1.582455 9.851185 3.353064 1.452275 9.375379 3.454865 1.424807 9.507268 3.792075 0.6289396 10.02531 3.721333 0.6231582 9.228985 2.898691 2.109469 9.711854 2.72967 2.122075 10.12362 3.772039 -1.314437 9.56426 3.772226 -1.306358 9.537955 3.523197 -2.03565 10.07197 3.451959 -2.046775 9.379428 2.198309 -3.316067 9.857418 2.085557 -3.294841 10.00256 2.848491 -2.801563 9.494232 2.944268 -2.795399 9.20417 1.222449 -3.460887 9.687039 1.093373 -3.460992 10.11895 3.865741 -0.1356883 9.577823 3.925296 -0.1267683 10.14849 4.552471 -1.454402 10.07734 3.867485 -2.37188 9.58242 3.941188 -2.36487 9.569476 4.613884 -1.446501 9.572375 4.763344 0.4424581 9.577823 3.925296 -0.1267683 9.58242 3.941188 -2.36487 9.537955 3.523197 -2.03565 9.56426 3.772226 -1.306358 9.569476 4.613884 -1.446501 9.009663 10.26169 1.582455 9.204189 10.33311 0.2932134 8.580661 10.05824 -0.9960285 8.366825 9.913397 -0.9960285 8.366825 9.913397 1.582455 7.680817 10.57646 0.2932135 8.580661 10.05824 1.582455 8.366825 9.913397 1.582455 9.03551 8.47728 1.582455 9.03551 8.47728 1.582455 8.366825 9.913397 1.582455 8.366825 9.913397 -0.9960285 9.03551 8.47728 -0.9960285 8.580661 10.05824 -0.9960285 9.618994 8.589917 -0.9960285 9.03551 8.47728 -0.9960285 9.009663 10.26169 -0.9960285 9.706758 8.589917 0.2932134 9.512231 8.589917 1.582455 9.03551 8.47728 1.582455 9.200586 7.80188 1.247912 9.68845 7.901194 1.247836 9.1974 7.79891 -0.99393 9.200586 7.80188 1.247912 9.1974 7.79891 -0.99393 9.03551 8.47728 -0.9960285 9.618994 8.589917 -0.9960285 9.766872 7.898224 -0.9940056 9.706758 8.589917 0.2932134 9.811869 7.89464 0.3043415 9.512231 8.589917 1.582455 2.419492 15.01181 1.582455 7.868994 11.38276 1.582455 6.372307 13.29581 1.582455 8.580661 10.05824 1.582455 2.494885 15.6487 -0.9960285 2.419492 15.01181 -0.9960285 4.609472 14.87043 -0.9960285 4.469367 14.38218 -0.9960285 6.61153 13.5851 -0.9960285 8.187816 11.58455 -0.9960285 7.868994 11.38276 -0.9960285 6.372307 13.29581 -0.9960285 8.366825 9.913397 -0.9960285 10.12362 3.772039 -1.314437 10.11895 3.865741 -0.1356883 9.577823 3.925296 -0.1267683 9.56426 3.772226 -1.306358 4.78021 15.35271 0.2932134 4.609472 14.87043 1.582455 4.249355 13.84183 0.2932135 4.329261 14.13594 1.582455 4.469367 14.38218 1.582455 4.469367 14.38218 1.582455 9.911462 2.352653 1.984556 10.17925 3.319559 0.5309434 9.182788 3.66271 0.5002661 8.922385 2.685815 1.980832 10.23557 3.287117 -1.074751 9.239806 3.631689 -1.131144 8.410318 -4.355713 0.9723234 8.501806 -3.423233 2.589329 7.524796 -3.179697 2.582444 7.417449 -4.123764 0.9429366 8.856047 -1.590242 3.250521 7.854379 -1.324556 3.264529 9.317815 0.5195507 2.983053 8.335538 0.8247054 3.007589 5.836929 0.3240377 -0.1744859 5.28636 -2.01782 0.4267663 5.427693 -1.079008 1.72662 6.241328 -4.372156 0.9896547 6.361106 -3.316489 2.815112 5.23672 -3.1871 2.672164 5.116277 -4.22472 0.9385264 7.143311 4.713881 0.3355675 8.221755 4.387272 0.5225452 8.286412 4.346145 -1.334427 7.223882 4.757456 -1.451931 6.815416 3.643756 2.177116 7.899306 3.308026 2.184184 6.170285 1.462337 3.381694 7.270865 1.184057 3.372944 6.722907 -1.280722 3.619969 5.60765 -1.065312 3.645794 10.13655 2.535128 -2.578088 9.868651 0.9871028 -3.379053 8.878674 1.298751 -3.467493 9.138762 2.865008 -2.660282 8.496688 -4.241145 -0.8772868 7.480324 -4.00982 -0.9339348 8.810977 -3.323858 -2.326242 7.807868 -3.08036 -2.395774 9.311418 -1.412814 -3.300709 8.330176 -1.134696 -3.37904 10.05342 0.8948748 -1.268257 10.10386 1.290274 -0.5089425 5.405513 -1.780598 -1.120861 5.189181 -4.070191 -1.075517 6.311099 -4.250885 -1.119228 7.096185 3.847191 -3.076983 8.172169 3.476152 -3.072609 6.794766 2.030904 -4.20396 7.879879 1.735548 -4.014513 6.163382 -0.7741731 -4.026714 7.26408 -1.009503 -3.892185 6.670626 -3.228648 -2.758271 5.554112 -3.060166 -2.88453 9.625957 -1.040783 -1.674173 9.915276 0.1963651 -1.713027 9.216712 -2.505678 -0.3630081 9.342072 -2.128903 -1.078641 10.07384 1.311265 0.3351683 9.625957 -1.040783 -1.674173 6.270087 2.464698 0.7290283 5.839763 0.8910615 1.928825 6.248204 1.733931 -2.070147 5.834427 -0.1966264 -2.223454 6.386548 2.659131 -0.8206197 6.170285 1.462337 3.381694 6.815416 3.643756 2.177116 7.143311 4.713881 0.3355675 7.223882 4.757456 -1.451931 7.096185 3.847191 -3.076983 6.794766 2.030904 -4.20396 6.163382 -0.7741731 -4.026714 5.554112 -3.060166 -2.88453 5.189181 -4.070191 -1.075517 5.116277 -4.22472 0.9385264 5.23672 -3.1871 2.672164 5.60765 -1.065312 3.645794 9.63118 -0.1584148 1.696685 9.935603 0.9203909 1.060051 9.188128 -2.512587 0.5184825 9.241632 -2.120164 1.302875 9.368651 -1.41619 1.75874 6.463634 -3.268698 2.769198 6.819705 -1.264015 3.553052 6.722907 -1.280722 3.619969 6.361106 -3.316489 2.815112 6.34609 -4.305501 0.9771724 6.241328 -4.372156 0.9896547 6.414601 -4.184393 -1.091584 6.311099 -4.250885 -1.119228 6.768443 -3.178745 -2.697547 6.670626 -3.228648 -2.758271 7.349281 -1.007599 -3.80474 7.26408 -1.009503 -3.892185 7.953243 1.681939 -3.922593 7.879879 1.735548 -4.014513 8.239878 3.391769 -3.005678 8.172169 3.476152 -3.072609 8.351842 4.243804 -1.302859 8.286412 4.346145 -1.334427 8.288482 4.282964 0.5137541 8.221755 4.387272 0.5225452 7.97165 3.221514 2.144296 7.899306 3.308026 2.184184 7.355817 1.145396 3.305925 7.270865 1.184057 3.372944 7.349281 -1.007599 -3.80474 7.953243 1.681939 -3.922593 8.821229 1.427893 -3.723514 8.235394 -1.179894 -3.62992 6.768443 -3.178745 -2.697547 7.673318 -3.277663 -2.562928 6.414601 -4.184393 -1.091584 7.327856 -4.259097 -0.9978653 6.34609 -4.305501 0.9771724 7.26091 -4.376393 1.008981 6.463634 -3.268698 2.769198 7.375414 -3.370317 2.751457 6.819705 -1.264015 3.553052 7.723049 -1.417114 3.501405 7.355817 1.145396 3.305925 8.241546 0.9076526 3.245065 7.97165 3.221514 2.144296 8.868157 2.918703 2.132152 8.288482 4.282964 0.5137541 9.146284 3.951986 0.5526063 8.351842 4.243804 -1.302859 9.207289 3.913847 -1.205864 8.239878 3.391769 -3.005678 9.099157 3.091104 -2.847125 7.807868 -3.08036 -2.395774 7.673318 -3.277663 -2.562928 8.235394 -1.179894 -3.62992 8.330176 -1.134696 -3.37904 7.480324 -4.00982 -0.9339348 7.327856 -4.259097 -0.9978653 7.417449 -4.123764 0.9429366 7.26091 -4.376393 1.008981 7.524796 -3.179697 2.582444 7.375414 -3.370317 2.751457 7.854379 -1.324556 3.264529 7.723049 -1.417114 3.501405 8.335538 0.8247054 3.007589 8.241546 0.9076526 3.245065 8.922385 2.685815 1.980832 8.868157 2.918703 2.132152 9.182788 3.66271 0.5002661 9.146284 3.951986 0.5526063 9.239806 3.631689 -1.131144 9.207289 3.913847 -1.205864 9.138762 2.865008 -2.660282 9.099157 3.091104 -2.847125 8.878674 1.298751 -3.467493 8.821229 1.427893 -3.723514 10.14587 5.368921 0.2202344 10.13812 5.35019 -1.021577 9.537472 5.347824 -1.021428 10.13812 5.35019 -1.021577 9.545218 5.362913 0.2192871 9.537472 5.347824 -1.021428 10.14587 5.368921 0.2202344 9.545218 5.362913 0.2192871 9.480725 6.079483 0.1580223 10.0664 6.158695 0.1586075 9.480725 6.079483 0.1580223 9.471032 6.060471 -0.9730455 10.05671 6.139277 -0.9715093 9.471032 6.060471 -0.9730455 10.05671 6.139277 -0.9715093 10.0664 6.158695 0.1586075 10.11895 3.865741 -0.1356883 10.15139 4.703866 0.43736 10.0664 6.158695 0.1586075 10.05671 6.139277 -0.9715093 9.943289 6.955925 -0.9854292 9.942663 6.956975 0.3297769 9.372038 6.852426 0.3287612 9.480725 6.079483 0.1580223 9.372038 6.852426 0.3287612 9.372663 6.85 -0.9860549 9.471032 6.060471 -0.9730455 9.372663 6.85 -0.9860549 -9.63118 -0.1584148 1.696686 -9.935603 0.9203909 1.060051 -9.723479 -0.6851957 0.03681034 -9.368651 -1.41619 1.75874 -9.241668 -2.120164 1.302874 -9.188166 -2.512587 0.5184869 -9.216712 -2.505678 -0.3630081 -9.342072 -2.128903 -1.078641 -9.625957 -1.040783 -1.674173 -9.915276 0.1963651 -1.713027 -9.625957 -1.040783 -1.674173 -10.05342 0.8948748 -1.268257 -10.10386 1.290274 -0.5089425 -10.07384 1.311265 0.3351683 9.723479 -0.6851957 0.03681037 10.05342 0.8948748 -1.268257 10.10386 1.290274 -0.5089425 9.915276 0.1963651 -1.713027 9.625957 -1.040783 -1.674173 9.342072 -2.128903 -1.078641 9.625957 -1.040783 -1.674173 9.216712 -2.505678 -0.3630081 9.188128 -2.512587 0.5184825 9.241632 -2.120164 1.302875 9.368651 -1.41619 1.75874 9.63118 -0.1584148 1.696685 9.935603 0.9203909 1.060051 10.07384 1.311265 0.3351683 -9.2985 1.405896 2.946687 -9.484429 2.030993 2.606883 -8.997178 2.180069 2.584893 -8.806864 1.534243 2.915944 -8.967548 1.197066 3.047711 -9.711854 2.729667 2.121989 -9.228985 2.898688 2.109361 -8.718621 -0.7954311 -3.459581 -8.925213 0.05621246 -3.480674 -9.412467 -0.06920128 -3.424342 -9.210258 -0.9170426 -3.390497 -8.879306 -1.140228 -3.393713 -9.20417 1.222445 -3.460582 -9.687039 1.093369 -3.460598</float_array>
          <technique_common>
            <accessor count="786" offset="0" source="#meshId0-positions-array" stride="3">
              <param name="X" type="float" />
              <param name="Y" type="float" />
              <param name="Z" type="float" />
            </accessor>
          </technique_common>
        </source>
        <source id="meshId0-normals" name="meshId0-normals">
          <float_array id="meshId0-normals-array" count="2358">0.6126202 0.6017251 0.5124681 0.6102191 0.6858966 0.3964573 -0.7746964 0.4132675 0.4785975 -0.7667817 0.2737544 0.5806068 -0.8379607 0.2251204 0.4971347 -0.7464559 0.4151223 0.5200741 0.6541941 0.6214367 0.4310992 0.8330536 0.2778317 0.4783632 -0.7404044 0.1581035 0.6533028 -0.6262169 -0.1017268 0.7729838 0.6675171 0.2503744 0.7012372 0.6261112 0.5189445 0.5819634 0.2122051 -0.5779386 0.7880076 -0.7667817 0.2737544 0.5806068 -0.7746964 0.4132675 0.4785975 -0.6066842 -0.7189237 -0.339239 -0.8208634 -0.5200269 -0.2361259 0.6102191 0.6858966 0.3964573 0.6126202 0.6017251 0.5124681 0.9218246 -0.1346149 -0.3634807 0.7904474 -0.4409178 -0.4251873 -0.8379607 0.2251204 0.4971347 -0.8473531 0.3318111 -0.4146012 -0.6786738 -0.7184367 0.1524814 -0.6519055 -0.7582268 0.0105533 -0.6682319 -0.6641511 0.3352154 -0.6786738 -0.7184367 0.1524814 -0.8473531 0.3318111 -0.4146012 -0.7503813 0.4818587 -0.4524822 -0.7404044 0.1581035 0.6533028 -0.967359 -0.2427624 0.07268414 -0.8130718 -0.572345 0.1064681 -0.6262169 -0.1017268 0.7729838 0.6261112 0.5189445 0.5819634 0.6675171 0.2503744 0.7012372 0.9968754 -0.07785706 0.01332949 0.9674067 0.2425335 -0.0728131 0.2723749 -0.9462673 0.1743275 0.2122051 -0.5779386 0.7880076 0.2723749 -0.9462673 0.1743275 0.2122051 -0.5779386 0.7880076 0.7779922 -0.5733249 -0.2569566 0.6541941 0.6214367 0.4310992 -0.7464559 0.4151223 0.5200741 -0.6185642 -0.7728181 -0.141882 -0.1252243 0.5426408 0.830578 -2.067373E-08 0 1 4.659617E-09 0 1 8.991224E-09 0.5558624 0.8312743 -0.3975918 0.4250682 0.8131652 -0.5113791 0.3354249 0.7911898 -6.5355E-08 0 1 -8.069856E-09 0 1 0.6433704 0.1819764 -0.7436122 -0.7418985 -0.1140747 -0.6607371 -0.7706653 0.1014152 -0.6291183 0.6260225 0.3565927 -0.6934966 0.6520004 0.09889169 -0.7525878 0.6467188 -0.1699849 -0.7435455 -0.6120517 -0.4690132 -0.6367256 -0.7229654 -0.2236489 -0.6536837 0.1594585 -0.8614458 -0.4821662 -0.7418985 -0.1140747 -0.6607371 -0.679142 -0.3166903 0.6621733 -0.6394978 -0.3704775 0.6736386 -0.7706653 0.1014152 -0.6291183 0.6260225 0.3565927 -0.6934966 0.772459 -0.1181613 0.6239752 0.9037992 0.1232588 0.4098222 0.6433704 0.1819764 -0.7436122 0.6520004 0.09889169 -0.7525878 0.9718537 0.2328395 -0.03586392 0.9954544 -0.09348942 0.01817165 0.6467188 -0.1699849 -0.7435455 -0.7229654 -0.2236489 -0.6536837 -0.6120517 -0.4690132 -0.6367256 -0.819262 -0.5647863 0.09912752 -0.9727897 -0.2288579 0.03611363 0.1594585 -0.8614458 -0.4821662 0.2748432 -0.9465536 0.1688119 0.2748432 -0.9465536 0.1688119 0.1594585 -0.8614458 -0.4821662 0.6202729 0.5320374 -0.5763659 0.7888037 -0.3726834 0.4887698 -0.7727696 0.3417414 -0.534827 0.6202729 0.5320374 -0.5763659 -0.6355026 -0.5649331 0.5262956 -0.7727696 0.3417414 -0.534827 -4.729195E-09 -0.613332 -0.7898252 0.1159153 -0.6041285 -0.7884113 -2.198589E-08 0 -1 -1.015633E-08 0 -1 3.586166E-08 0 -1 0.246487 -0.5650567 -0.7873724 1.624892E-08 0 -1 0.4005952 -0.4581341 -0.7934965 0.5092303 -0.3535017 -0.784679 -3.306813E-10 0 -1 6.065726E-09 1 0 -0.2248586 0.9743913 8.093726E-09 -0.6831089 0.7303165 1.589337E-07 -0.8361736 0.5484648 7.719191E-08 0.4005952 -0.4581342 0.7934963 0.5092303 -0.3535017 0.7846789 0.8214685 -0.5702538 -6.901497E-08 0.6582512 -0.7527984 -2.385439E-07 -4.729195E-09 -0.613332 0.7898252 0.1159152 -0.6041285 0.7884113 0.1884347 -0.9820856 1.15707E-08 -1.927665E-09 -0.9999999 1.542132E-08 -0.6066842 -0.7189237 -0.339239 -0.6185642 -0.7728181 -0.141882 0.7779922 -0.5733249 -0.2569566 0.7904474 -0.4409178 -0.4251873 0.9218246 -0.1346149 -0.3634807 -0.8208634 -0.5200269 -0.2361259 -0.6786738 -0.7184367 0.1524814 -0.6682319 -0.6641511 0.3352154 0.7631364 -0.5552693 0.3306039 0.7344065 -0.6591871 0.1616155 0.772459 -0.1181613 0.6239752 0.7888037 -0.3726834 0.4887698 -0.6355026 -0.5649331 0.5262956 -0.6394978 -0.3704775 0.6736386 -0.679142 -0.3166903 0.6621733 0.9037992 0.1232588 0.4098222 -0.6519055 -0.7582268 0.0105533 0.7492138 -0.6604331 -0.05006897 -0.8473531 0.3318111 -0.4146012 0.8302791 0.364677 -0.4214825 0.6428408 0.6014044 -0.4744138 -0.7503813 0.4818587 -0.4524822 0.7492138 -0.6604331 -0.05006897 0.8330536 0.2778317 0.4783632 0.6428408 0.6014044 -0.4744138 0.8302791 0.364677 -0.4214825 0.7344065 -0.6591871 0.1616155 0.7631364 -0.5552693 0.3306039 -0.91991 0.3920041 0.009923511 -0.5877628 0.245575 0.7708617 0.6611246 -0.4495187 -0.6007056 -4.351433E-08 0 -1 0.8037781 -0.5949291 -1.015607E-08 0.6611246 -0.4495187 0.6007056 -6.037568E-08 0 1 0.4996247 -0.3012113 0.8121865 0.6611246 -0.4495187 0.6007056 0.4996247 -0.3012113 0.8121865 0.5217302 -0.1833373 -0.8331777 0.6611246 -0.4495187 -0.6007056 0.6611246 -0.4495187 0.6007056 -4.351433E-08 0 -1 0.5217302 -0.1833373 -0.8331777 -0.5161959 0.1294543 -0.8466305 -0.9714792 0.2349437 0.03208634 -0.5913998 0.2569448 -0.7643466 -0.5341358 0.006723571 0.845372 -0.7280595 -0.2633967 0.6328913 0.6150877 -0.5357417 0.5784878 0.4996247 -0.3012113 0.8121865 0.6910133 -0.1508108 -0.7069348 0.6150877 -0.5357417 0.5784878 0.6910133 -0.1508108 -0.7069348 -0.685792 0.1142607 -0.7187726 -0.5161959 0.1294543 -0.8466305 0.5217302 -0.1833373 -0.8331777 -0.9854994 0.1621467 0.04999453 -0.9714792 0.2349437 0.03208634 -0.5341358 0.006723571 0.845372 4.659617E-09 0 1 -2.067373E-08 0 1 -6.5355E-08 0 1 -8.069856E-09 0 1 -6.037568E-08 0 1 -1.015633E-08 0 -1 -2.198589E-08 0 -1 -0.1252243 0.5426408 -0.830578 -2.247806E-09 0.5558624 -0.8312743 -0.2565377 0.505114 -0.8240438 3.586166E-08 0 -1 -0.3975919 0.4250683 -0.8131652 1.624892E-08 0 -1 -3.306813E-10 0 -1 -0.5113791 0.3354249 -0.7911898 0.6611246 -0.4495187 -0.6007056 -0.6786738 -0.7184367 0.1524814 0.7344065 -0.6591871 0.1616155 0.7492138 -0.6604331 -0.05006897 -0.6519055 -0.7582268 0.0105533 -0.452826 0.8915989 1.442884E-07 -0.2565377 0.505114 0.8240439 0.399831 -0.9165888 -1.697252E-07 0.246487 -0.5650568 0.7873723 -2.533335E-08 0 1 -2.533335E-08 0 1 -0.7409652 0.3202268 0.5902756 -0.2103456 0.6293468 0.748116 -0.3058918 0.9059873 0.2926041 -0.8242974 0.5146071 0.2360362 -0.3290822 0.9158282 -0.2301385 -0.8384237 0.5266804 -0.1401911 -0.4721389 -0.8586573 0.1994804 0.2260288 -0.9479744 0.2241773 0.1559738 -0.6227446 0.7667211 -0.5126163 -0.6032913 0.6109535 0.01530711 -0.1114704 0.9936498 -0.5757222 -0.2135545 0.7892645 -0.1027841 0.2787603 0.9548446 -0.6447401 0.07398412 0.7608131 -0.9722765 -0.1038702 0.2094981 -0.9435368 -0.1544657 0.2930505 0.9748045 0.2170372 -0.05148887 0.9848878 0.171811 0.02183713 0.991149 0.1309118 -0.02204213 0.1532896 -0.9612157 0.2292742 0.1532896 -0.9612157 0.2292742 0.133966 -0.6442386 0.7530006 0.133966 -0.6442386 0.7530006 -0.2738158 0.9177642 0.2876347 -0.3362853 0.9131569 -0.2303405 -0.3362853 0.9131569 -0.2303405 -0.2738158 0.9177642 0.2876347 -0.1705495 0.6565551 0.7347436 -0.1705495 0.6565551 0.7347436 -0.08375338 0.2784976 0.9567782 -0.08375338 0.2784976 0.9567782 0.03587558 -0.1452759 0.9887405 0.03587558 -0.1452759 0.9887405 -0.8140496 0.3433777 -0.4684176 -0.2766539 0.6624667 -0.6961325 -0.1449606 0.1910287 -0.9708216 -0.7273983 0.004400726 -0.6862014 -0.4880702 -0.8468585 -0.21123 0.1957473 -0.9262895 -0.3219795 -0.5525337 -0.6434942 -0.5297374 0.1071991 -0.6521131 -0.7505043 -0.6310425 -0.3356365 -0.6993808 -0.01018417 -0.2515812 -0.9677827 0.9833073 0.1531321 -0.09827143 0.1321756 -0.9430506 -0.3052625 0.1321756 -0.9430506 -0.3052625 -0.2848527 0.6696404 -0.6858869 -0.2848527 0.6696404 -0.6858869 -0.1806255 0.198675 -0.963277 -0.1806255 0.198675 -0.963277 -0.07572819 -0.2741853 -0.9586905 -0.07572819 -0.2741853 -0.9586905 0.0472961 -0.6768352 -0.7346135 0.0472961 -0.6768352 -0.7346135 -0.9301079 -0.230777 0.2857295 -0.9247728 -0.3804561 -0.006961888 -0.9229615 -0.3757249 0.08350338 -0.9226903 -0.3274139 0.203575 -0.9940851 -0.06256014 0.08877545 0.9541309 0.2993846 0.001761536 0.9665369 0.2521579 0.04714641 0.9683097 0.1908225 -0.1611312 0.9594682 0.2499833 -0.130112 0.9510244 0.3017485 -0.06708407 0.9546173 0.2775492 0.1080379 0.9373385 0.3402787 0.07487968 0.931723 0.3631565 -0.003094702 0.9337162 0.3501584 -0.07458593 0.9384354 0.3116466 -0.1490486 0.947705 0.2337015 -0.2173448 0.9577988 0.1724557 -0.229958 0.9749548 0.1244653 -0.1843138 0.9931798 0.08427255 -0.08057303 0.997121 0.07565058 -0.005159087 0.9932347 0.1056373 0.04822488 0.9772584 0.1848209 0.1039577 -0.9373814 -0.3404301 -0.07364291 -0.5544588 -0.5877404 0.5891831 -0.5544588 -0.5877404 0.5891831 -0.5761071 -0.2223684 0.7865449 -0.5761071 -0.2223684 0.7865449 -0.5483709 -0.8146707 0.1886829 -0.5483709 -0.8146707 0.1886829 -0.5672985 -0.8020869 -0.186625 -0.5672985 -0.8020869 -0.186625 -0.6152842 -0.6231523 -0.4828111 -0.6152842 -0.6231523 -0.4828111 -0.6771969 -0.3386181 -0.653255 -0.6771969 -0.3386181 -0.653255 -0.7715876 -0.009431877 -0.6360532 -0.7715876 -0.009431877 -0.6360532 -0.8427162 0.3186621 -0.433917 -0.8427162 0.3186621 -0.433917 -0.8537777 0.503047 -0.1341917 -0.8537777 0.503047 -0.1341917 -0.8282399 0.5080576 0.236424 -0.8282399 0.5080576 0.236424 -0.7300857 0.3367482 0.5946221 -0.7300857 0.3367482 0.5946221 -0.6296856 0.08105002 0.7726105 -0.6296856 0.08105002 0.7726105 -0.137809 -0.2815807 -0.9495898 -0.137809 -0.2815807 -0.9495898 -0.2573242 0.167828 -0.9516397 -0.2573242 0.167828 -0.9516397 -0.03468968 -0.6811135 -0.7313557 -0.03468968 -0.6811135 -0.7313557 0.04602368 -0.9506985 -0.3066828 0.04602368 -0.9506985 -0.3066828 0.08386504 -0.9693525 0.2309159 0.08386504 -0.9693525 0.2309159 0.05297593 -0.6463028 0.76124 0.05297593 -0.6463028 0.76124 -0.03433514 -0.1395561 0.9896187 -0.03433514 -0.1395561 0.9896187 -0.1277933 0.2682944 0.954823 -0.1277933 0.2682944 0.954823 -0.228297 0.6288908 0.7432206 -0.228297 0.6288908 0.7432206 -0.3321146 0.8976754 0.2896183 -0.3321146 0.8976754 0.2896183 -0.3730851 0.8995305 -0.2272716 -0.3730851 0.8995305 -0.2272716 -0.3540269 0.6431338 -0.679002 -0.3540269 0.6431338 -0.679002 -0.8787591 -0.4355152 -0.1952155 -0.9086487 -0.2979029 -0.2925942 -0.9086487 -0.2979029 -0.2925942 -0.8787591 -0.4355152 -0.1952155 -0.8582088 -0.5096371 -0.06121793 -0.8582088 -0.5096371 -0.06121793 -0.8576311 -0.5027986 0.1079924 -0.8576311 -0.5027986 0.1079924 -0.8678917 -0.3908461 0.3065999 -0.8678917 -0.3908461 0.3065999 -0.8844837 -0.2272025 0.4075137 -0.8844837 -0.2272025 0.4075137 -0.9048593 -0.1082011 0.4117309 -0.9048593 -0.1082011 0.4117309 -0.9491073 0.008297016 0.3148436 -0.9491073 0.008297016 0.3148436 -0.9864455 0.1016488 0.1288126 -0.9864455 0.1016488 0.1288126 -0.9939188 0.1033313 -0.03805343 -0.9939188 0.1033313 -0.03805343 -0.9841974 0.02474265 -0.1753378 -0.9841974 0.02474265 -0.1753378 -0.9517215 -0.1281611 -0.2789281 -0.9517215 -0.1281611 -0.2789281 -0.7082395 0.18454 0.6814264 -0.7075485 0.2346704 -0.6665621 0.7222776 0.150187 -0.6750991 -0.7075485 0.2346704 -0.6665621 0.7222776 0.150187 -0.6750991 0.7088562 0.09723294 0.6986191 -0.7082395 0.18454 0.6814264 0.7088562 0.09723294 0.6986191 0.6969838 -0.1244483 0.7062055 -0.7149785 0.04330325 0.6978041 0.7062256 -0.06164678 -0.7052978 0.6969838 -0.1244483 0.7062055 -0.6984598 0.1050879 -0.7078915 0.7062256 -0.06164678 -0.7052978 -0.7149785 0.04330325 0.6978041 -0.6984598 0.1050879 -0.7078915 -0.8379607 0.2251204 0.4971347 -0.6519055 -0.7582268 0.0105533 -0.9978974 -0.06469388 0.003922265 -0.9930943 -0.1006199 -0.06032601 -0.9773792 -0.1783896 -0.1136091 -0.9641021 -0.2287465 -0.1348415 -0.9455776 -0.3056782 -0.1115525 -0.7149785 0.04330325 0.6978041 -0.8587277 -0.1200247 0.4981777 -0.6967886 0.09940459 -0.7103552 -0.6984598 0.1050879 -0.7078915 0.6560565 -0.4325894 0.6184306 0.6969838 -0.1244483 0.7062055 0.6974955 -0.1192213 -0.7066018 0.6560565 -0.4325894 0.6184306 0.6974955 -0.1192213 -0.7066018 0.7062256 -0.06164678 -0.7052978 -0.6126416 0.6017129 0.5124567 0.7667543 0.2737677 0.5806368 0.7746458 0.4133425 0.4786146 -0.6102864 0.6858702 0.3963995 0.8380326 0.2255879 0.4968012 -0.8329067 0.2783771 0.4783019 -0.6542578 0.6213941 0.431064 0.7464306 0.4151848 0.5200606 0.7404204 0.1580709 0.6532927 -0.6260537 0.5189783 0.5819951 -0.6677253 0.2501076 0.7011341 0.6262681 -0.1025935 0.7728278 -0.2134065 -0.5806139 0.785713 0.7667543 0.2737677 0.5806368 0.8209772 -0.5197963 -0.2362376 0.6067516 -0.718785 -0.3394122 0.7746458 0.4133425 0.4786146 -0.6102864 0.6858702 0.3963995 -0.7904049 -0.4408101 -0.4253781 -0.9217341 -0.1345325 -0.3637404 -0.6126416 0.6017129 0.5124567 0.8380326 0.2255879 0.4968012 0.6518266 -0.7582935 0.01063108 0.6784337 -0.7186742 0.1524305 0.8477813 0.3326623 -0.4130406 0.667588 -0.6646609 0.335488 0.7503045 0.4819829 -0.4524772 0.8477813 0.3326623 -0.4130406 0.6784337 -0.7186742 0.1524305 0.7404204 0.1580709 0.6532927 0.6262681 -0.1025935 0.7728278 0.8123778 -0.5736123 0.1049344 0.96735 -0.2428106 0.07264281 -0.6260537 0.5189783 0.5819951 -0.9673893 0.2426293 -0.0727238 -0.9968379 -0.078455 0.01260919 -0.6677253 0.2501076 0.7011341 -0.2134065 -0.5806139 0.785713 -0.2729636 -0.9467848 0.1705565 -0.2729636 -0.9467848 0.1705565 -0.2134065 -0.5806139 0.785713 -0.6542578 0.6213941 0.431064 -0.7781031 -0.5732144 -0.2568674 0.6184194 -0.7729387 -0.1418567 0.7464306 0.4151848 0.5200606 0.1252243 0.5426407 0.8305781 -1.266665E-08 0 1 0.3975918 0.4250682 0.8131653 -2.830346E-08 0 1 1.083072E-07 0 1 0.5113792 0.335425 0.7911898 -0.6434071 0.1819275 -0.7435924 -0.6260243 0.3565921 -0.6934953 0.7706701 0.1014162 -0.6291124 0.7418758 -0.1140948 -0.6607593 -0.6511243 0.0988114 -0.7525114 0.722908 -0.2236897 -0.6537333 0.6120052 -0.4685616 -0.6371024 -0.6466192 -0.1698055 -0.7436732 -0.158864 -0.8605723 -0.483919 0.7418758 -0.1140948 -0.6607593 0.7706701 0.1014162 -0.6291124 0.6394064 -0.3705055 0.6737101 0.8442173 -0.2474494 0.4754637 -0.6260243 0.3565921 -0.6934953 -0.6434071 0.1819275 -0.7435924 -0.9037763 0.1232502 0.4098756 -0.7725505 -0.1181251 0.6238688 -0.6511243 0.0988114 -0.7525114 -0.6466192 -0.1698055 -0.7436732 -0.9954732 -0.09337037 0.0177498 -0.9718667 0.2328168 -0.03565944 0.722908 -0.2236897 -0.6537333 0.9728001 -0.2288366 0.03597036 0.8195922 -0.5645157 0.09805392 0.6120052 -0.4685616 -0.6371024 -0.2745104 -0.9470398 0.1666116 -0.158864 -0.8605723 -0.483919 -0.2745104 -0.9470398 0.1666116 -0.158864 -0.8605723 -0.483919 -0.7892476 -0.3722338 0.4883957 -0.6202363 0.5320748 -0.5763709 -0.6202363 0.5320748 -0.5763709 0.7727722 0.3417696 -0.5348053 0.7727722 0.3417696 -0.5348053 0.6349388 -0.5651869 0.5267034 -8.370962E-10 0 -1 -0.1159153 -0.6041284 -0.7884113 -4.55168E-08 0 -1 -0.246487 -0.5650567 -0.7873723 -5.095462E-08 0 -1 -7.488704E-08 0 -1 -0.5092303 -0.3535017 -0.7846789 -0.4005952 -0.4581342 -0.7934963 0.2248586 0.9743914 1.456871E-07 0.8361735 0.5484649 1.080687E-07 0.6831089 0.7303166 1.748271E-07 -0.4005954 -0.4581342 0.7934963 -0.6582513 -0.7527984 -6.647944E-08 -0.8214685 -0.5702538 -1.418641E-07 -0.5092304 -0.3535017 0.7846789 -0.1884347 -0.9820857 1.15707E-08 -0.1159153 -0.6041284 0.7884114 0.6067516 -0.718785 -0.3394122 -0.7904049 -0.4408101 -0.4253781 -0.7781031 -0.5732144 -0.2568674 0.6184194 -0.7729387 -0.1418567 -0.9217341 -0.1345325 -0.3637404 0.8209772 -0.5197963 -0.2362376 0.6784337 -0.7186742 0.1524305 -0.7346155 -0.6589876 0.1614785 -0.7637495 -0.5546362 0.3302506 0.667588 -0.6646609 0.335488 -0.7725505 -0.1181251 0.6238688 0.6394064 -0.3705055 0.6737101 0.6349388 -0.5651869 0.5267034 -0.7892476 -0.3722338 0.4883957 -0.9037763 0.1232502 0.4098756 0.8442173 -0.2474494 0.4754637 0.6518266 -0.7582935 0.01063108 -0.7492577 -0.6603897 -0.04998207 0.8477813 0.3326623 -0.4130406 0.7503045 0.4819829 -0.4524772 -0.6429204 0.6014143 -0.4742935 -0.8295008 0.3667246 -0.4212382 -0.8329067 0.2783771 0.4783019 -0.7492577 -0.6603897 -0.04998207 -0.6429204 0.6014143 -0.4742935 -0.7637495 -0.5546362 0.3302506 -0.7346155 -0.6589876 0.1614785 -0.8295008 0.3667246 -0.4212382 0.5877628 0.2455751 0.7708617 0.91991 0.3920041 0.009923522 1.113277E-08 0 -1 -0.6611247 -0.4495186 -0.6007056 -0.6611247 -0.4495186 0.6007056 -0.8037782 -0.594929 -1.015607E-07 1.228598E-07 0 1 -0.6611247 -0.4495186 0.6007056 -0.4996247 -0.3012114 0.8121865 -0.4996247 -0.3012114 0.8121865 -0.6611247 -0.4495186 0.6007056 -0.6611247 -0.4495186 -0.6007056 -0.5217302 -0.1833374 -0.8331777 1.113277E-08 0 -1 0.516196 0.1294543 -0.8466306 -0.5217302 -0.1833374 -0.8331777 0.5913997 0.2569448 -0.7643466 0.9714792 0.2349436 0.03208635 0.5341359 0.006723459 0.8453719 -0.4996247 -0.3012114 0.8121865 -0.6150881 -0.5357379 0.5784907 0.7280596 -0.2633967 0.6328912 -0.6910142 -0.1508226 -0.7069314 -0.6150881 -0.5357379 0.5784907 -0.6910142 -0.1508226 -0.7069314 -0.5217302 -0.1833374 -0.8331777 0.516196 0.1294543 -0.8466306 0.6857921 0.114242 -0.7187754 0.9714792 0.2349436 0.03208635 0.9855 0.1621441 0.04999248 0.5341359 0.006723459 0.8453719 -1.266665E-08 0 1 1.083072E-07 0 1 -2.830346E-08 0 1 1.228598E-07 0 1 0.1252243 0.5426408 -0.830578 -8.370962E-10 0 -1 0.2565377 0.505114 -0.8240439 -4.55168E-08 0 -1 0.3975918 0.4250683 -0.8131652 0.5113791 0.335425 -0.79119 -7.488704E-08 0 -1 -5.095462E-08 0 -1 -0.6611247 -0.4495186 -0.6007056 0.6784337 -0.7186742 0.1524305 0.6518266 -0.7582935 0.01063108 -0.7492577 -0.6603897 -0.04998207 -0.7346155 -0.6589876 0.1614785 0.4528259 0.8915989 2.805607E-07 0.2565376 0.5051138 0.824044 -0.399831 -0.9165888 3.85739E-09 -0.246487 -0.5650567 0.7873723 -1.421535E-08 0 1 -1.421535E-08 0 1 0.7409661 0.3202294 0.590273 0.8242961 0.5146092 0.2360368 0.3058954 0.9059861 0.2926045 0.2103472 0.629347 0.7481152 0.8384236 0.5266817 -0.1401868 0.3290843 0.9158277 -0.2301371 0.471884 -0.8587775 0.199566 0.5125401 -0.6033626 0.6109471 -0.1561924 -0.622782 0.7666462 -0.2265489 -0.947839 0.2242253 0.575723 -0.21356 0.7892624 -0.01530757 -0.11147 0.9936499 0.64474 0.07398417 0.7608131 0.1027841 0.2787602 0.9548445 -0.9748045 0.2170372 -0.05148887 -0.991149 0.1309118 -0.02204213 -0.9848878 0.171811 0.02183712 -0.1530408 -0.9612461 0.2293132 -0.133877 -0.6442897 0.7529727 -0.133877 -0.6442897 0.7529727 -0.1530408 -0.9612461 0.2293132 0.2738186 0.9177638 0.2876332 0.2738186 0.9177638 0.2876332 0.3362738 0.9131583 -0.230352 0.3362738 0.9131583 -0.230352 0.1705496 0.6565551 0.7347437 0.1705496 0.6565551 0.7347437 0.0837532 0.2784976 0.9567782 0.0837532 0.2784976 0.9567782 -0.03587576 -0.1452759 0.9887405 -0.03587576 -0.1452759 0.9887405 0.8140495 0.343378 -0.4684175 0.7273991 0.004399477 -0.6862005 0.1449634 0.1910268 -0.9708215 0.2766539 0.6624668 -0.6961324 0.4879397 -0.8469537 -0.2111498 -0.1960861 -0.9262721 -0.3218232 0.5525351 -0.643493 -0.5297373 -0.1071962 -0.6521129 -0.750505 0.6310443 -0.3356364 -0.6993792 0.01018985 -0.2515825 -0.9677821 0.9930944 -0.1006195 -0.06032602 0.9978978 -0.06468992 0.003927236 -0.9833073 0.1531322 -0.09827144 -0.1320288 -0.9430972 -0.3051817 -0.1320288 -0.9430972 -0.3051817 0.2848368 0.6696391 -0.6858946 0.2848368 0.6696391 -0.6858946 0.1806256 0.198675 -0.963277 0.1806256 0.198675 -0.963277 0.07572825 -0.2741855 -0.9586906 0.07572825 -0.2741855 -0.9586906 -0.04729613 -0.6768352 -0.7346135 -0.04729613 -0.6768352 -0.7346135 0.964102 -0.2287468 -0.1348421 0.9773792 -0.1783897 -0.1136094 0.9247745 -0.380452 -0.006955364 0.9373816 -0.3404297 -0.07364321 0.9940854 -0.06255222 0.08877767 0.9455777 -0.3056778 -0.111553 -0.9541309 0.2993846 0.001761547 -0.9665369 0.252158 0.04714641 -0.9594682 0.2499833 -0.130112 -0.9683097 0.1908224 -0.1611312 -0.9510244 0.3017486 -0.06708407 -0.9546173 0.2775492 0.1080379 -0.9373385 0.3402786 0.07487968 -0.9317229 0.3631565 -0.003094682 -0.9337162 0.3501586 -0.07458591 -0.9384354 0.3116466 -0.1490486 -0.947705 0.2337015 -0.2173448 -0.9577988 0.1724557 -0.229958 -0.9749548 0.1244653 -0.1843138 -0.9931798 0.08427253 -0.08057304 -0.997121 0.07565058 -0.00515909 -0.9932347 0.1056372 0.04822488 -0.9772584 0.184821 0.1039577 0.9435368 -0.1544656 0.2930505 0.9722775 -0.1038659 0.2094954 0.9229652 -0.3757143 0.08351062 0.9226912 -0.3274152 0.203569 0.9301077 -0.2307853 0.2857232 0.5538273 -0.5881178 0.5894004 0.5761073 -0.2223681 0.786545 0.5761073 -0.2223681 0.786545 0.5538273 -0.5881178 0.5894004 0.5467778 -0.8156936 0.1888864 0.5467778 -0.8156936 0.1888864 0.5663629 -0.8027458 -0.186634 0.5663629 -0.8027458 -0.186634 0.615284 -0.6231523 -0.4828113 0.615284 -0.6231523 -0.4828113 0.677197 -0.3386177 -0.653255 0.677197 -0.3386177 -0.653255 0.7715877 -0.009431968 -0.6360531 0.7715877 -0.009431968 -0.6360531 0.8427538 0.3185985 -0.4338906 0.8427538 0.3185985 -0.4338906 0.8538079 0.5030016 -0.1341695 0.8538079 0.5030016 -0.1341695 0.8282297 0.5080751 0.236422 0.8282297 0.5080751 0.236422 0.7300856 0.3367482 0.5946223 0.7300856 0.3367482 0.5946223 0.6296855 0.08104952 0.7726107 0.6296855 0.08104952 0.7726107 0.137809 -0.2815808 -0.9495898 0.2573209 0.1678277 -0.9516406 0.2573209 0.1678277 -0.9516406 0.137809 -0.2815808 -0.9495898 0.03469309 -0.6811153 -0.7313538 0.03469309 -0.6811153 -0.7313538 -0.04591743 -0.9507197 -0.3066331 -0.04591743 -0.9507197 -0.3066331 -0.08369965 -0.9693617 0.2309382 -0.08369965 -0.9693617 0.2309382 -0.05291659 -0.6463282 0.7612225 -0.05291659 -0.6463282 0.7612225 0.03433505 -0.1395561 0.9896187 0.03433505 -0.1395561 0.9896187 0.1277933 0.2682944 0.954823 0.1277933 0.2682944 0.954823 0.228297 0.6288908 0.7432207 0.228297 0.6288908 0.7432207 0.3321229 0.8976735 0.289615 0.3321229 0.8976735 0.289615 0.3730389 0.8995405 -0.2273079 0.3730389 0.8995405 -0.2273079 0.3539644 0.6431377 -0.679031 0.3539644 0.6431377 -0.679031 0.8787579 -0.4355172 -0.1952165 0.8787579 -0.4355172 -0.1952165 0.9086488 -0.2979025 -0.2925942 0.9086488 -0.2979025 -0.2925942 0.8584236 -0.5092918 -0.06107977 0.8584236 -0.5092918 -0.06107977 0.8579598 -0.5022515 0.107928 0.8579598 -0.5022515 0.107928 0.8680413 -0.3906701 0.3064002 0.8680413 -0.3906701 0.3064002 0.8844838 -0.2272024 0.4075137 0.8844838 -0.2272024 0.4075137 0.9048593 -0.1082009 0.4117309 0.9048593 -0.1082009 0.4117309 0.9491073 0.008297021 0.3148438 0.9491073 0.008297021 0.3148438 0.9864438 0.1016729 0.128808 0.9864438 0.1016729 0.128808 0.9939209 0.1033138 -0.03804528 0.9939209 0.1033138 -0.03804528 0.9842013 0.0246989 -0.1753222 0.9842013 0.0246989 -0.1753222 0.951722 -0.1281632 -0.2789257 0.951722 -0.1281632 -0.2789257 0.7086036 0.1846039 0.6810303 0.7093005 0.2353211 -0.6644673 -0.7210848 0.1521693 -0.6759297 0.7093005 0.2353211 -0.6644673 -0.7087751 0.09771492 0.6986342 -0.7210848 0.1521693 -0.6759297 0.7086036 0.1846039 0.6810303 -0.7087751 0.09771492 0.6986342 -0.6970898 -0.124469 0.7060973 0.7150019 0.04259124 0.6978239 -0.6970898 -0.124469 0.7060973 -0.7070159 -0.06189017 -0.7054629 0.6986226 0.1041551 -0.7078686 -0.7070159 -0.06189017 -0.7054629 0.6986226 0.1041551 -0.7078686 0.7150019 0.04259124 0.6978239 0.6518266 -0.7582935 0.01063108 0.8380326 0.2255879 0.4968012 0.7150019 0.04259124 0.6978239 0.6986226 0.1041551 -0.7078686 0.6967791 0.09918392 -0.7103953 0.8587026 -0.1200983 0.498203 -0.6561579 -0.4324329 0.6184324 -0.6970898 -0.124469 0.7060973 -0.6561579 -0.4324329 0.6184324 -0.6975223 -0.11923 -0.706574 -0.7070159 -0.06189017 -0.7054629 -0.6975223 -0.11923 -0.706574 -0.9725358 -0.200749 0.1177888 -0.9754903 -0.1944801 0.1029377 -0.9734343 -0.2233035 0.05061033 -0.9700819 -0.2176872 0.1074866 -0.9644401 -0.2511318 0.08239023 -0.9619032 -0.2691794 0.0477997 -0.9614865 -0.2735401 0.02682428 -0.964613 -0.2634346 0.01112791 -0.9672855 -0.253679 -0.00241216 -0.976992 -0.2132758 -0.0003617668 -0.9736386 -0.227952 -0.008121585 -0.9816319 -0.1899108 0.01824353 -0.9831001 -0.1798375 0.03424415 -0.9813256 -0.1816628 0.0632361 0.9734329 -0.2233083 0.05061287 0.9816319 -0.1899108 0.01824353 0.9831002 -0.1798371 0.03424415 0.976992 -0.2132755 -0.0003617689 0.9736389 -0.2279503 -0.008121587 0.9646129 -0.2634354 0.01112792 0.9672853 -0.2536798 -0.002412146 0.9614847 -0.2735442 0.02684462 0.9618986 -0.2691912 0.0478235 0.9644337 -0.2511581 0.08238508 0.9700789 -0.2177051 0.107478 0.9725359 -0.2007481 0.1177888 0.9754905 -0.1944794 0.1029377 0.9813256 -0.1816627 0.0632361 0.06022626 -0.4142901 -0.90815 0.1103456 -0.4860025 -0.8669633 0.1103456 -0.4860025 -0.8669633 0.06022626 -0.4142901 -0.90815 0.04165675 -0.3808328 -0.9237051 0.1416562 -0.523458 -0.8401937 0.1416562 -0.523458 -0.8401937 0.1080858 0.09947798 0.989152 0.08256835 0.03929623 0.9958103 0.08256835 0.03929623 0.9958103 0.1080858 0.09947798 0.989152 0.1038075 0.1397396 0.9847319 0.05284594 0.01949066 0.9984125 -0.679142 -0.3166903 0.6621733</float_array>
          <technique_common>
            <accessor count="786" offset="0" source="#meshId0-normals-array" stride="3">
              <param name="X" type="float" />
              <param name="Y" type="float" />
              <param name="Z" type="float" />
            </accessor>
          </technique_common>
        </source>
        <source id="meshId0-tex0" name="meshId0-tex0">
          <float_array id="meshId0-tex0-array" count="1572">0.7896487 0.1452286 0.7896477 0.2353433 0.8287346 0.235343 0.8287348 0.1452287 0.8287348 0.4057586 0.8287348 0.3207419 0.7896482 0.3207419 0.7896477 0.4057586 0.8287348 0.08203703 0.8287348 0.01884538 0.7896487 0.01884538 0.7896487 0.08203697 0.8087899 0.0114094 0.9178436 0.249489 0.9090512 0.3282166 0.9333725 0.3282166 0.9333725 0.249489 0.7928466 0.5394694 0.7632751 0.5394694 0.7663722 0.5297458 0.7918144 0.5297458 0.6554106 0.3323028 0.7734618 0.3220841 0.7491615 0.2901076 0.6793606 0.2901075 0.9448673 0.4100689 0.9449435 0.4630213 0.9925188 0.4630213 0.9739931 0.4100691 0.921361 0.1903187 0.9333725 0.1903187 0.9333725 0.1311485 0.9206145 0.1311485 0.7223143 0.5394694 0.6848283 0.5394694 0.6848283 0.5297458 0.7258906 0.5297458 0.9333725 0.1107999 0.9184607 0.1108 0.6757507 0.5297458 0.6757507 0.5394694 0.8159528 0.5297458 0.8149458 0.5394694 0.9087877 0.410069 0.9333725 0.410069 0.6076506 0.2137458 0.6076506 0.2270321 0.7362347 0.2270321 0.7362347 0.2137458 0.3906489 0.2137458 0.2623036 0.2137458 0.2623036 0.2270321 0.3906489 0.2270321 0.842839 0.1452287 0.8823811 0.1452286 0.8823822 0.2353433 0.8428392 0.235343 0.842839 0.08203703 0.842839 0.01884538 0.8823816 0.01884538 0.8823814 0.08203697 0.8597031 0.0114094 0.9632756 0.2494892 0.944867 0.249489 0.9448673 0.3282165 0.9645843 0.3282167 0.7971514 0.4929486 0.7922325 0.5035221 0.7602864 0.5035221 0.7603753 0.4929485 0.7223518 0.4929486 0.7229096 0.5035222 0.6848283 0.5035222 0.6848283 0.4929486 0.959318 0.1903188 0.9583402 0.1311485 0.9448674 0.1311485 0.9448672 0.1903188 0.9585699 0.1107999 0.9448672 0.1107999 0.6747742 0.5035222 0.6747742 0.4929486 0.8138815 0.4929485 0.8064478 0.5035221 0.882382 0.2780426 0.8428391 0.2780424 0.9448673 0.3691427 0.9628031 0.3691429 0.6372765 0.3187615 0.5224984 0.3187615 0.5224984 0.2994955 0.6372765 0.2994955 0.4182642 0.2994955 0.4182642 0.3187614 0.3207655 0.2994955 0.3207655 0.3187614 0.1999786 0.3187615 0.1999787 0.2994955 0.7362347 0.1476334 0.6076506 0.1476334 0.3906489 0.1476334 0.2623036 0.1476334 0.3207655 0.4315187 0.1999787 0.4315187 0.1999787 0.3757154 0.3207655 0.3757154 0.6372765 0.4315187 0.5224984 0.4315187 0.5224984 0.3757154 0.6372765 0.3757154 0.6709458 0.5060561 0.6368163 0.5060561 0.6368165 0.5254877 0.6709459 0.5254877 0.7055689 0.5254878 0.705569 0.5060562 0.6056592 0.5060564 0.6368163 0.5060561 0.6368165 0.5254877 0.6056592 0.5254878 0.6709459 0.5254877 0.6538812 0.5254877 0.6538811 0.5060561 0.6709458 0.5060561 0.705569 0.5060562 0.7055689 0.5254878 0.6056592 0.5060564 0.6056592 0.5254878 0.8823822 0.4057586 0.842839 0.405758 0.842839 0.3207419 0.8823816 0.3207419 0.8333131 0.5246685 0.8458211 0.5382386 0.8272517 0.4929486 0.8458211 0.4923824 0.8330054 0.5089071 0.8178763 0.5050607 0.102251 0.1476334 0.102251 0.2137458 0.1164605 0.3187615 0.1164605 0.2994955 0.164379 0.3757154 0.1164605 0.4315187 0.102251 0.2270321 0.05761066 0.2403184 0.102251 0.2403184 0.9489267 0.5662656 0.9489267 0.4909671 0.9955034 0.4909671 0.9955034 0.5662656 0.102251 0.0652957 0.05761066 0.04907024 0.05761066 0.08152115 0.05761066 0.1476334 0.102251 0.08152115 0.05324639 0.2137458 0.04184264 0.2006645 0.04184264 0.2251847 0.05324639 0.2403184 0.9298358 0.4909672 0.9298358 0.5566232 0.04184264 0.04907024 0.04184264 0.08152115 0.05324639 0.08152115 0.05324639 0.04907024 0.04184264 0.1503463 0.05324639 0.1476334 0.05761066 0.2137458 0.6372765 0.4516907 0.5224984 0.4516906 0.1999787 0.4516908 0.3207655 0.4516907 0.1164605 0.4516907 0.7362347 0.0652957 0.6076506 0.0652957 0.6076506 0.08152115 0.7362347 0.08152115 0.4924553 0.08152115 0.4924553 0.0652957 0.3906489 0.08152115 0.3906489 0.0652957 0.2623036 0.0652957 0.2623036 0.08152115 0.102251 0.04907024 0.6842849 0.5064192 0.6842849 0.5253333 0.6224201 0.525333 0.6224201 0.5064191 0.4924553 0.1476334 0.4924553 0.2137458 0.4182642 0.3757154 0.4182642 0.4315187 0.4182642 0.4516907 0.4924553 0.2270321 0.4734206 0.8972074 0.4949503 0.9443382 0.5880755 0.8580694 0.5426497 0.8320866 0.6148781 0.7295538 0.5584455 0.7297306 0.06851095 0.7314901 0.01216584 0.7316271 0.04044223 0.8601626 0.08552212 0.8338029 0.1349265 0.9454409 0.1562182 0.8986467 0.3134424 0.9754363 0.3131275 0.9217016 0.393274 0.8141738 0.3131275 0.8264209 0.7973279 0.7772821 0.7609644 0.7239855 0.7977823 0.7081546 0.7988281 0.6181078 0.7991191 0.6475142 0.7509542 0.6579849 0.733357 0.634713 0.7512633 0.8967603 0.7991312 0.9072382 0.7988424 0.9361045 0.733391 0.9199337 0.7131743 0.8625481 0.6871969 0.8756108 0.6969728 0.7773712 0.6638041 0.7772687 0.6871233 0.6794137 0.7130128 0.6930808 0.5417016 0.6274326 0.5872539 0.6012456 0.4943461 0.5147905 0.4733643 0.5616696 0.08497411 0.6289946 0.03975403 0.6028289 0.155462 0.5638357 0.1340195 0.5170369 0.3131275 0.5404624 0.3128937 0.4865608 0.8337025 0.7238699 0.8632715 0.6352728 0.8463717 0.6579837 0.8461437 0.8965529 0.8633123 0.9191119 0.88299 0.8625015 0.9084587 0.8752072 0.8983163 0.7776786 0.9318749 0.7773837 0.908611 0.679436 0.8831198 0.6923819 0.2346728 0.8148934 0.1990508 0.6800674 0.1908192 0.7313151 0.1993248 0.7824715 0.4278886 0.7816133 0.7610152 0.8309101 0.7434343 0.7774443 0.8499146 0.7774786 0.8336386 0.830882 0.7977972 0.8466346 0.6969728 0.7773712 0.7131743 0.8625481 0.7512633 0.8967603 0.7991312 0.9072382 0.8461437 0.8965529 0.88299 0.8625015 0.8983163 0.7776786 0.8831198 0.6923819 0.8463717 0.6579837 0.7991191 0.6475142 0.7509542 0.6579849 0.7130128 0.6930808 0.2342947 0.647488 0.7313666 0.6318308 0.733357 0.634713 0.6871233 0.6794137 0.6838914 0.6784319 0.7986361 0.6144829 0.7988281 0.6181078 0.8650368 0.6322091 0.8632715 0.6352728 0.9119077 0.6782918 0.908611 0.679436 0.9356942 0.7773547 0.9318749 0.7773837 0.911779 0.8763239 0.9084587 0.8752072 0.8650936 0.9222033 0.8633123 0.9191119 0.798649 0.9397785 0.7988424 0.9361045 0.7313827 0.9228495 0.733391 0.9199337 0.6839364 0.8765448 0.6871969 0.8756108 0.6602387 0.7772466 0.6638041 0.7772687 0.9356942 0.7773547 0.969708 0.777 0.9409056 0.8913812 0.911779 0.8763239 0.9119077 0.6782918 0.9408171 0.6628625 0.8650368 0.6322091 0.8814178 0.6033521 0.7986361 0.6144829 0.7977329 0.5807085 0.7313666 0.6318308 0.7138773 0.6032876 0.6838914 0.6784319 0.6547492 0.6630556 0.6602387 0.7772466 0.6264592 0.7769313 0.6839364 0.8765448 0.6544479 0.8913919 0.7313827 0.9228495 0.7134355 0.9513457 0.798649 0.9397785 0.7978712 0.9736854 0.8650936 0.9222033 0.8819005 0.9509538 0.9518029 0.659983 0.9803576 0.7770843 0.969708 0.777 0.9408171 0.6628625 0.8881592 0.5927823 0.8814178 0.6033521 0.7975281 0.5681032 0.7977329 0.5807085 0.7068779 0.5930724 0.7138773 0.6032876 0.643967 0.6604449 0.6547492 0.6630556 0.6198335 0.7770057 0.6264592 0.7769313 0.6437562 0.8941078 0.6544479 0.8913919 0.7066964 0.961588 0.7134355 0.9513457 0.7976329 0.9863181 0.7978712 0.9736854 0.888408 0.9615236 0.8819005 0.9509538 0.9517889 0.8943596 0.9409056 0.8913812 0.6732 0.3790801 0.7618637 0.3790801 0.842839 0.4288354 0.8823819 0.4288356 0.8672462 0.4909672 0.8672462 0.5309738 0.8287348 0.4288354 0.789648 0.4288356 0.7896482 0.4479886 0.8287348 0.4479887 0.8857837 0.4909672 0.8857837 0.5286424 0.8823816 0.4479886 0.842839 0.4479887 0.6705081 0.4417905 0.7507959 0.4417905 0.8947864 0.4630212 0.9333725 0.4630212 0.4357865 0.7304354 0.4274145 0.6792864 0.3932459 0.6464049 0.3131275 0.6358013 0.3131275 0.6358013 0.01260413 0.1498634 0.02381052 0.1557171 0.02381052 0.08152115 0.01260413 0.08152115 0.02381052 0.1999207 0.01260413 0.1721995 0.9035386 0.4909672 0.9035386 0.5307883 0.02381052 0.04907024 0.01260413 0.04907024 0.7896487 0.1452286 0.8287348 0.1452287 0.8287346 0.235343 0.7896477 0.2353433 0.8287348 0.4057586 0.7896477 0.4057586 0.7896482 0.3207419 0.8287348 0.3207419 0.8287348 0.08203703 0.7896487 0.08203697 0.7896487 0.01884538 0.8287348 0.01884538 0.8087899 0.0114094 0.9178436 0.249489 0.9333725 0.249489 0.9333725 0.3282166 0.9090512 0.3282166 0.7928466 0.5394694 0.7918144 0.5297458 0.7663722 0.5297458 0.7632751 0.5394694 0.6554106 0.3323028 0.6793606 0.2901075 0.7491615 0.2901076 0.7734618 0.3220841 0.9448673 0.4100689 0.9739931 0.4100691 0.9925188 0.4630213 0.9449435 0.4630213 0.921361 0.1903187 0.9206145 0.1311485 0.9333725 0.1311485 0.9333725 0.1903187 0.7223143 0.5394694 0.7258906 0.5297458 0.6848283 0.5297458 0.6848283 0.5394694 0.9184607 0.1108 0.9333725 0.1107999 0.6757507 0.5297458 0.6757507 0.5394694 0.8149458 0.5394694 0.8159528 0.5297458 0.9333725 0.410069 0.9087877 0.410069 0.6076506 0.2137458 0.6076506 0.2270321 0.3906489 0.2137458 0.3906489 0.2270321 0.2623036 0.2270321 0.2623036 0.2137458 0.842839 0.1452287 0.8428392 0.235343 0.8823822 0.2353433 0.8823811 0.1452286 0.842839 0.08203703 0.8823814 0.08203697 0.8823816 0.01884538 0.842839 0.01884538 0.8597031 0.0114094 0.9632756 0.2494892 0.9645843 0.3282167 0.9448673 0.3282165 0.944867 0.249489 0.7971514 0.4929486 0.7603753 0.4929485 0.7602864 0.5035221 0.7922325 0.5035221 0.7223518 0.4929486 0.6848283 0.4929486 0.6848283 0.5035222 0.7229096 0.5035222 0.959318 0.1903188 0.9448672 0.1903188 0.9448674 0.1311485 0.9583402 0.1311485 0.9448672 0.1107999 0.9585699 0.1107999 0.6747742 0.5035222 0.6747742 0.4929486 0.8064478 0.5035221 0.8138815 0.4929485 0.8428391 0.2780424 0.882382 0.2780426 0.9628031 0.3691429 0.9448673 0.3691427 0.5224984 0.2994955 0.5224984 0.3187615 0.4182642 0.2994955 0.4182642 0.3187614 0.3207655 0.2994955 0.1999787 0.2994955 0.1999786 0.3187615 0.3207655 0.3187614 0.6076506 0.1476334 0.2623036 0.1476334 0.3906489 0.1476334 0.3207655 0.4315187 0.3207655 0.3757154 0.1999787 0.3757154 0.1999787 0.4315187 0.5224984 0.3757154 0.5224984 0.4315187 0.6709458 0.5060561 0.6709459 0.5254877 0.6368165 0.5254877 0.6368163 0.5060561 0.7055689 0.5254878 0.705569 0.5060562 0.6056592 0.5060564 0.6056592 0.5254878 0.6368165 0.5254877 0.6368163 0.5060561 0.6709459 0.5254877 0.6709458 0.5060561 0.6538811 0.5060561 0.6538812 0.5254877 0.7055689 0.5254878 0.705569 0.5060562 0.6056592 0.5060564 0.6056592 0.5254878 0.8823822 0.4057586 0.8823816 0.3207419 0.842839 0.3207419 0.842839 0.405758 0.8458211 0.5382386 0.8333131 0.5246685 0.8272517 0.4929486 0.8178763 0.5050607 0.8330054 0.5089071 0.8458211 0.4923824 0.102251 0.2137458 0.102251 0.1476334 0.1164605 0.2994955 0.1164605 0.3187615 0.1164605 0.4315187 0.164379 0.3757154 0.102251 0.2270321 0.102251 0.2403184 0.05761066 0.2403184 0.9489267 0.5662656 0.9955034 0.5662656 0.9955034 0.4909671 0.9489267 0.4909671 0.102251 0.0652957 0.05761066 0.08152115 0.05761066 0.04907024 0.102251 0.08152115 0.05761066 0.1476334 0.05324639 0.2137458 0.05324639 0.2403184 0.04184264 0.2251847 0.04184264 0.2006645 0.9298358 0.4909672 0.9298358 0.5566232 0.04184264 0.04907024 0.05324639 0.04907024 0.05324639 0.08152115 0.04184264 0.08152115 0.05324639 0.1476334 0.04184264 0.1503463 0.05761066 0.2137458 0.5224984 0.4516906 0.1999787 0.4516908 0.3207655 0.4516907 0.1164605 0.4516907 0.6076506 0.08152115 0.6076506 0.0652957 0.4924553 0.08152115 0.4924553 0.0652957 0.3906489 0.08152115 0.2623036 0.08152115 0.2623036 0.0652957 0.3906489 0.0652957 0.102251 0.04907024 0.6842849 0.5064192 0.6224201 0.5064191 0.6224201 0.525333 0.6842849 0.5253333 0.4924553 0.1476334 0.4924553 0.2137458 0.4182642 0.3757154 0.4182642 0.4315187 0.4182642 0.4516907 0.4924553 0.2270321 0.4734206 0.8970326 0.5426497 0.8319118 0.5880755 0.8578947 0.4949503 0.9441634 0.5584455 0.7295558 0.6148781 0.7293791 0.06851095 0.7313154 0.08552212 0.8336281 0.04044223 0.8599879 0.01216584 0.7314523 0.1562182 0.8984719 0.1349265 0.9452661 0.3131275 0.9215268 0.3134424 0.9752616 0.7973279 0.7772821 0.7977823 0.7081546 0.7609644 0.7239855 0.7988281 0.6181078 0.733357 0.634713 0.7509542 0.6579849 0.7991191 0.6475142 0.7512633 0.8967603 0.733391 0.9199337 0.7988424 0.9361045 0.7991312 0.9072382 0.7131743 0.8625481 0.6871969 0.8756108 0.6969728 0.7773712 0.6638041 0.7772687 0.6871233 0.6794137 0.7130128 0.6930808 0.5417016 0.6272578 0.4733643 0.5614948 0.4943461 0.5146157 0.5872539 0.6010709 0.08497411 0.6288198 0.03975403 0.6026541 0.155462 0.563661 0.1340195 0.5168622 0.3131275 0.5402876 0.3128937 0.4863861 0.4274145 0.6791116 0.4357865 0.7302606 0.8337025 0.7238699 0.8463717 0.6579837 0.8632715 0.6352728 0.8461437 0.8965529 0.8633123 0.9191119 0.88299 0.8625015 0.9084587 0.8752072 0.8983163 0.7776786 0.9318749 0.7773837 0.908611 0.679436 0.8831198 0.6923819 0.3131275 0.6356266 0.3932459 0.6462301 0.1990508 0.6798927 0.2342947 0.6473132 0.4278886 0.7814386 0.3131275 0.6356266 0.7610152 0.8309101 0.7434343 0.7774443 0.8336386 0.830882 0.8499146 0.7774786 0.7977972 0.8466346 0.6969728 0.7773712 0.7131743 0.8625481 0.7512633 0.8967603 0.7991312 0.9072382 0.8461437 0.8965529 0.88299 0.8625015 0.8983163 0.7776786 0.8831198 0.6923819 0.8463717 0.6579837 0.7991191 0.6475142 0.7509542 0.6579849 0.7130128 0.6930808 0.3131275 0.8262461 0.393274 0.8139991 0.1908192 0.7311404 0.1993248 0.7822968 0.2346728 0.8147187 0.7313666 0.6318308 0.6838914 0.6784319 0.6871233 0.6794137 0.733357 0.634713 0.7986361 0.6144829 0.7988281 0.6181078 0.8650368 0.6322091 0.8632715 0.6352728 0.9119077 0.6782918 0.908611 0.679436 0.9356942 0.7773547 0.9318749 0.7773837 0.911779 0.8763239 0.9084587 0.8752072 0.8650936 0.9222033 0.8633123 0.9191119 0.798649 0.9397785 0.7988424 0.9361045 0.7313827 0.9228495 0.733391 0.9199337 0.6839364 0.8765448 0.6871969 0.8756108 0.6602387 0.7772466 0.6638041 0.7772687 0.9356942 0.7773547 0.911779 0.8763239 0.9409056 0.8913812 0.969708 0.777 0.9119077 0.6782918 0.9408171 0.6628625 0.8650368 0.6322091 0.8814178 0.6033521 0.7986361 0.6144829 0.7977329 0.5807085 0.7313666 0.6318308 0.7138773 0.6032876 0.6838914 0.6784319 0.6547492 0.6630556 0.6602387 0.7772466 0.6264592 0.7769313 0.6839364 0.8765448 0.6544479 0.8913919 0.7313827 0.9228495 0.7134355 0.9513457 0.798649 0.9397785 0.7978712 0.9736854 0.8650936 0.9222033 0.8819005 0.9509538 0.9518029 0.659983 0.9408171 0.6628625 0.969708 0.777 0.9803576 0.7770843 0.8881592 0.5927823 0.8814178 0.6033521 0.7975281 0.5681032 0.7977329 0.5807085 0.7068779 0.5930724 0.7138773 0.6032876 0.643967 0.6604449 0.6547492 0.6630556 0.6198335 0.7770057 0.6264592 0.7769313 0.6437562 0.8941078 0.6544479 0.8913919 0.7066964 0.961588 0.7134355 0.9513457 0.7976329 0.9863181 0.7978712 0.9736854 0.888408 0.9615236 0.8819005 0.9509538 0.9517889 0.8943596 0.9409056 0.8913812 0.6732 0.3790801 0.7618637 0.3790801 0.842839 0.4288354 0.8823819 0.4288356 0.8672462 0.5309738 0.8672462 0.4909672 0.8287348 0.4288354 0.789648 0.4288356 0.7896482 0.4479886 0.8287348 0.4479887 0.8857837 0.5286424 0.8857837 0.4909672 0.8823816 0.4479886 0.842839 0.4479887 0.7507959 0.4417905 0.6705081 0.4417905 0.9333725 0.4630212 0.8947864 0.4630212 0.01260413 0.1498634 0.01260413 0.08152115 0.02381052 0.08152115 0.02381052 0.1557171 0.02381052 0.1999207 0.01260413 0.1721995 0.9035386 0.5307883 0.9035386 0.4909672 0.01260413 0.04907024 0.02381052 0.04907024 0.3412181 1.629112 0.4086306 1.668323 0.3100006 1.730288 0.2643339 1.625838 0.221148 1.652743 0.1965249 1.698709 0.1964005 1.750453 0.2205177 1.794854 0.2863878 1.832139 0.3622625 1.835453 0.2863878 1.832139 0.4052695 1.809562 0.4297469 1.764655 0.4320539 1.713367 0.309988 -0.2684104 0.4049639 -0.3480335 0.4296055 -0.3032161 0.3618626 -0.3737681 0.2860011 -0.3701757 0.2202697 -0.3326494 0.2860011 -0.3701757 0.196316 -0.2881594 0.1966292 -0.2364161 0.2214204 -0.1905392 0.2647049 -0.1637914 0.3415762 -0.1673479 0.408843 -0.2068055 0.4321005 -0.2519372 0.6709458 0.5060561 0.6368163 0.5060561 0.6368165 0.5254877 0.6709459 0.5254877 0.705569 0.5060562 0.6056592 0.5060564 0.6056592 0.5254878 0.6709459 0.5254877 0.6538812 0.5254877 0.6538811 0.5060561 0.6709458 0.5060561 0.705569 0.5060562 0.6368165 0.5254877 0.6368163 0.5060561</float_array>
          <technique_common>
            <accessor count="786" offset="0" source="#meshId0-tex0-array" stride="2">
              <param name="S" type="float" />
              <param name="T" type="float" />
            </accessor>
          </technique_common>
        </source>
        <vertices id="meshId0-vertices">
          <input semantic="POSITION" source="#meshId0-positions" />
        </vertices>
        <polylist count="842" material="defaultMaterial">
          <input offset="0" semantic="VERTEX" source="#meshId0-vertices" />
          <input offset="0" semantic="NORMAL" source="#meshId0-normals" />
          <input offset="0" semantic="TEXCOORD" source="#meshId0-tex0" />
          <vcount>3 3 3 3 3 3 3 3 3 3 3 3 3 3 3 3 3 3 3 3 3 3 3 3 3 3 3 3 3 3 3 3 3 3 3 3 3 3 3 3 3 3 3 3 3 3 3 3 3 3 3 3 3 3 3 3 3 3 3 3 3 3 3 3 3 3 3 3 3 3 3 3 3 3 3 3 3 3 3 3 3 3 3 3 3 3 3 3 3 3 3 3 3 3 3 3 3 3 3 3 3 3 3 3 3 3 3 3 3 3 3 3 3 3 3 3 3 3 3 3 3 3 3 3 3 3 3 3 3 3 3 3 3 3 3 3 3 3 3 3 3 3 3 3 3 3 3 3 3 3 3 3 3 3 3 3 3 3 3 3 3 3 3 3 3 3 3 3 3 3 3 3 3 3 3 3 3 3 3 3 3 3 3 3 3 3 3 3 3 3 3 3 3 3 3 3 3 3 3 3 3 3 3 3 3 3 3 3 3 3 3 3 3 3 3 3 3 3 3 3 3 3 3 3 3 3 3 3 3 3 3 3 3 3 3 3 3 3 3 3 3 3 3 3 3 3 3 3 3 3 3 3 3 3 3 3 3 3 3 3 3 3 3 3 3 3 3 3 3 3 3 3 3 3 3 3 3 3 3 3 3 3 3 3 3 3 3 3 3 3 3 3 3 3 3 3 3 3 3 3 3 3 3 3 3 3 3 3 3 3 3 3 3 3 3 3 3 3 3 3 3 3 3 3 3 3 3 3 3 3 3 3 3 3 3 3 3 3 3 3 3 3 3 3 3 3 3 3 3 3 3 3 3 3 3 3 3 3 3 3 3 3 3 3 3 3 3 3 3 3 3 3 3 3 3 3 3 3 3 3 3 3 3 3 3 3 3 3 3 3 3 3 3 3 3 3 3 3 3 3 3 3 3 3 3 3 3 3 3 3 3 3 3 3 3 3 3 3 3 3 3 3 3 3 3 3 3 3 3 3 3 3 3 3 3 3 3 3 3 3 3 3 3 3 3 3 3 3 3 3 3 3 3 3 3 3 3 3 3 3 3 3 3 3 3 3 3 3 3 3 3 3 3 3 3 3 3 3 3 3 3 3 3 3 3 3 3 3 3 3 3 3 3 3 3 3 3 3 3 3 3 3 3 3 3 3 3 3 3 3 3 3 3 3 3 3 3 3 3 3 3 3 3 3 3 3 3 3 3 3 3 3 3 3 3 3 3 3 3 3 3 3 3 3 3 3 3 3 3 3 3 3 3 3 3 3 3 3 3 3 3 3 3 3 3 3 3 3 3 3 3 3 3 3 3 3 3 3 3 3 3 3 3 3 3 3 3 3 3 3 3 3 3 3 3 3 3 3 3 3 3 3 3 3 3 3 3 3 3 3 3 3 3 3 3 3 3 3 3 3 3 3 3 3 3 3 3 3 3 3 3 3 3 3 3 3 3 3 3 3 3 3 3 3 3 3 3 3 3 3 3 3 3 3 3 3 3 3 3 3 3 3 3 3 3 3 3 3 3 3 3 3 3 3 3 3 3 3 3 3 3 3 3 3 3 3 3 3 3 3 3 3 3 3 3 3 3 3 3 3 3 3 3 3 3 3 3 3 3 3 3 3 3 3 3 3 3 3 3 3 3 3 3 3 3 3 3 3 3 3 3 3 3 3 3 3 3 3 3 3 3 3 3 3 3 3 3 3 3 3 3 3 3 3 3 3 3 3 3 3 3 3 3 3 3 3 3 3 3 3 3 3 3 3 3 3 3 3 3 3 3 3 3 3 3 3 3 3 3 3 3 3 3 3 3 3 3 3 3 3 3 3 3 3 3 3 3 3 3 3 3 3 3 3 3 3 3 3 3 3 3 3 3 3 3 3 3 3 3 3 3 3 3 3 3 3 3 3 3 3 3 3</vcount>
          <p>0 1 2 2 3 0 4 5 6 6 7 4 8 9 10 10 11 8 12 10 9 13 14 15 15 16 13 17 18 19 19 20 17 21 22 23 23 24 21 25 26 27 27 28 25 29 30 31 31 32 29 33 34 35 35 36 33 31 37 38 38 32 31 39 35 34 34 40 39 20 41 42 42 17 20 1 6 5 5 2 1 14 43 44 44 15 14 45 46 47 47 48 45 49 50 51 51 52 49 53 54 55 55 56 53 57 58 59 59 60 57 58 61 59 62 63 64 64 65 62 66 67 68 68 69 66 70 71 72 72 73 70 74 75 76 76 77 74 76 75 78 78 79 76 80 81 73 73 72 80 66 82 83 83 67 66 55 84 85 85 56 55 64 86 87 87 65 64 88 89 90 90 91 88 92 90 89 89 93 92 94 95 96 96 97 94 98 99 45 45 48 98 50 49 100 100 101 50 102 103 104 104 105 102 106 107 108 108 109 106 110 111 112 112 113 110 114 115 110 110 113 114 116 117 118 118 119 116 120 121 122 122 123 120 120 123 124 124 125 120 126 127 112 112 111 126 128 129 130 130 131 128 109 108 89 89 88 109 104 96 95 95 105 104 41 132 133 133 42 41 134 135 136 136 137 134 101 138 139 139 50 101 96 140 141 141 97 96 140 142 143 103 143 142 142 104 103 142 140 96 96 104 142 144 145 146 147 148 149 149 150 147 151 152 153 153 154 138 138 155 153 156 157 158 158 159 156 160 148 147 147 161 160 162 163 164 164 165 162 163 166 167 167 164 163 139 168 144 168 145 144 169 170 107 107 106 169 171 103 102 102 172 171 103 171 173 173 143 103 174 175 176 176 177 174 178 176 175 175 179 178 180 181 182 182 183 180 182 151 155 155 183 182 50 139 144 144 51 50 151 184 152 155 151 153 185 186 187 187 188 185 121 118 117 117 122 121 82 134 137 137 83 82 84 131 130 130 85 84 86 25 28 28 87 86 189 190 45 45 99 189 191 93 89 89 108 191 192 191 108 108 107 192 193 192 107 107 170 193 190 194 46 46 45 190 100 49 190 190 189 100 181 180 178 178 179 181 95 94 92 92 93 95 105 95 93 93 191 105 102 105 191 191 192 102 172 102 192 192 193 172 49 52 194 194 190 49 195 196 197 197 198 195 198 197 199 199 200 198 201 202 203 203 204 201 204 203 205 205 206 204 206 205 207 207 208 206 208 207 196 196 195 208 208 195 209 209 210 208 211 212 213 214 215 216 216 217 214 218 219 220 220 221 218 222 218 221 221 223 222 224 222 223 223 225 224 226 227 224 224 225 226 217 216 227 227 226 217 228 229 230 230 231 228 200 199 229 229 228 200 232 233 202 202 201 232 234 235 233 233 232 234 236 237 235 235 234 236 231 230 237 237 236 231 211 213 238 214 239 240 240 215 214 241 242 220 220 219 241 243 244 242 242 241 243 245 246 244 244 243 245 247 246 245 245 248 247 239 247 248 248 240 239 249 206 208 208 210 249 250 232 201 201 251 250 252 204 206 206 249 252 251 201 204 204 252 251 253 209 195 195 198 253 254 255 211 211 256 257 211 238 256 258 254 211 211 255 212 258 211 257 259 255 260 255 254 260 261 260 254 262 261 258 261 254 258 262 258 263 258 257 263 257 264 263 265 264 256 264 257 256 238 266 256 266 265 256 238 267 266 238 213 267 213 268 267 212 269 213 269 268 213 212 270 269 259 270 255 270 212 255 271 234 232 232 250 271 272 273 274 274 275 272 276 277 273 273 272 276 278 279 277 277 276 278 280 281 279 279 278 280 282 283 281 281 280 282 284 285 283 283 282 284 286 287 285 285 284 286 288 289 287 287 286 288 290 291 289 289 288 290 292 293 291 291 290 292 294 295 293 293 292 294 275 274 295 295 294 275 296 297 298 298 299 296 300 301 297 297 296 300 302 303 301 301 300 302 304 305 303 303 302 304 306 307 305 305 304 306 308 309 307 307 306 308 310 311 309 309 308 310 312 313 311 311 310 312 314 315 313 313 312 314 316 317 315 315 314 316 318 319 317 317 316 318 299 298 319 319 318 299 320 321 322 322 323 320 324 320 323 323 325 324 326 324 325 325 327 326 328 326 327 327 329 328 330 328 329 329 331 330 332 330 331 331 333 332 334 332 333 333 335 334 336 334 335 335 337 336 338 336 337 337 339 338 340 338 339 339 341 340 342 340 341 341 343 342 321 342 343 343 322 321 13 16 30 30 29 13 3 8 11 11 0 3 18 33 36 36 19 18 69 68 71 71 70 69 53 57 60 60 54 53 62 74 77 77 63 62 344 345 22 22 21 344 346 129 128 128 347 346 135 348 349 349 133 135 350 4 7 7 351 350 183 155 138 138 101 183 100 180 183 183 101 100 180 100 189 189 178 180 178 189 99 99 176 178 177 176 99 99 98 177 132 136 135 135 133 132 352 353 350 350 351 352 348 354 355 355 349 348 356 357 346 346 347 356 344 358 359 359 345 344 154 168 139 139 138 154 44 43 360 360 361 44 157 156 167 167 166 157 253 198 200 200 362 253 362 200 228 228 363 362 363 228 231 231 364 363 364 231 236 236 365 364 366 236 234 234 271 366 367 368 369 369 370 367 371 368 367 367 372 371 354 373 374 374 355 354 370 369 375 375 376 370 166 368 157 158 157 368 368 371 158 373 160 161 161 374 373 375 369 163 163 162 375 369 368 166 166 163 369 377 378 379 379 380 377 381 382 383 383 384 381 385 386 387 387 388 385 389 388 387 390 391 392 392 393 390 394 395 396 396 397 394 398 399 400 400 401 398 402 403 404 404 405 402 406 407 408 408 409 406 410 411 412 412 413 410 408 407 414 414 415 408 416 417 413 413 412 416 395 394 418 418 419 395 380 379 384 384 383 380 393 392 420 420 421 393 422 48 47 47 423 422 424 425 426 426 427 424 428 429 430 430 431 428 432 433 434 434 435 432 435 434 436 437 438 439 439 440 437 441 442 443 443 444 441 445 446 447 447 448 445 449 450 451 451 452 449 451 453 454 454 452 451 455 447 446 446 456 455 441 444 457 457 458 441 430 429 459 459 460 430 439 438 461 461 462 439 88 91 463 463 464 88 465 466 464 464 463 465 467 468 469 469 470 467 98 48 422 422 471 98 427 472 473 473 424 427 474 475 476 476 477 474 106 109 478 478 479 106 480 481 482 482 483 480 484 481 480 480 485 484 486 487 488 488 489 486 490 491 492 492 493 490 490 494 495 495 491 490 496 483 482 482 497 496 498 499 500 500 501 498 109 88 464 464 478 109 476 475 470 470 469 476 419 418 502 502 503 419 504 505 506 506 507 504 472 427 508 508 509 472 469 468 510 510 511 469 511 512 513 477 476 513 513 512 477 513 476 469 469 511 513 514 515 516 517 518 519 519 520 517 521 522 523 522 524 509 509 525 522 526 527 528 528 529 526 530 531 517 517 520 530 532 533 534 534 535 532 535 534 536 536 537 535 508 514 538 538 514 516 169 106 479 479 539 169 540 541 474 474 477 540 477 512 542 542 540 477 174 177 543 543 544 174 545 546 544 544 543 545 547 548 549 549 550 547 549 548 524 524 521 549 427 426 514 514 508 427 521 523 551 524 522 521 552 553 554 554 555 552 493 492 489 489 488 493 458 457 505 505 504 458 460 459 500 500 499 460 462 461 403 403 402 462 556 471 422 422 557 556 558 478 464 464 466 558 559 479 478 478 558 559 560 539 479 479 559 560 557 422 423 423 561 557 473 556 557 557 424 473 550 546 545 545 547 550 470 466 465 465 467 470 475 558 466 466 470 475 474 559 558 558 475 474 541 560 559 559 474 541 424 557 561 561 425 424 562 563 564 564 565 562 563 566 567 567 564 563 568 569 570 570 571 568 569 572 573 573 570 569 572 574 575 575 573 572 574 562 565 565 575 574 576 577 578 579 580 581 581 582 579 583 584 585 585 586 583 587 588 584 584 583 587 589 590 588 588 587 589 591 590 589 589 592 591 580 591 592 592 581 580 593 594 595 595 596 593 566 593 596 596 567 566 597 568 571 571 598 597 599 597 598 598 600 599 601 599 600 600 602 601 594 601 602 602 595 594 603 593 566 566 604 603 576 605 577 579 582 606 606 607 579 608 586 585 585 609 608 610 608 609 609 611 610 612 610 611 611 613 612 614 615 612 612 613 614 607 606 615 615 614 607 616 601 594 594 617 616 617 594 593 593 603 617 618 597 599 599 619 618 620 604 566 566 563 620 619 599 601 601 621 619 622 576 623 576 624 625 576 625 605 626 576 622 576 578 623 626 624 576 627 628 623 623 628 622 629 622 628 630 626 629 629 626 622 630 631 626 626 631 624 624 631 632 633 625 632 632 625 624 605 625 634 634 625 633 605 634 635 605 635 577 577 635 636 578 577 637 637 577 636 578 637 638 627 623 638 638 623 578 574 639 640 640 562 574 620 563 562 562 640 620 641 568 597 597 618 641 642 569 568 568 641 642 643 572 569 569 642 643 639 574 572 572 643 639 644 645 646 646 647 644 648 644 647 647 649 648 650 648 649 649 651 650 652 650 651 651 653 652 654 652 653 653 655 654 656 654 655 655 657 656 658 656 657 657 659 658 660 658 659 659 661 660 662 660 661 661 663 662 664 662 663 663 665 664 666 664 665 665 667 666 645 666 667 667 646 645 668 669 670 670 671 668 672 668 671 671 673 672 674 672 673 673 675 674 676 674 675 675 677 676 678 676 677 677 679 678 680 678 679 679 681 680 682 680 681 681 683 682 684 682 683 683 685 684 686 684 685 685 687 686 688 686 687 687 689 688 690 688 689 689 691 690 669 690 691 691 670 669 692 693 694 694 695 692 696 697 693 693 692 696 698 699 697 697 696 698 700 701 699 699 698 700 702 703 701 701 700 702 704 705 703 703 702 704 706 707 705 705 704 706 708 709 707 707 706 708 710 711 709 709 708 710 712 713 711 711 710 712 714 715 713 713 712 714 695 694 715 715 714 695 390 406 409 409 391 390 378 377 386 386 385 378 397 396 411 411 410 397 442 445 448 448 443 442 428 431 433 433 432 428 437 440 450 450 449 437 716 398 401 401 717 716 718 719 498 498 501 718 507 502 720 720 721 507 722 723 382 382 381 722 548 472 509 509 524 548 473 472 548 548 547 473 547 545 556 556 473 547 545 543 471 471 556 545 177 98 471 471 543 177 503 502 507 507 506 503 724 723 722 722 725 724 721 720 726 726 727 721 728 719 718 718 729 728 716 717 730 730 731 716 525 509 508 508 538 525 420 732 733 733 421 420 529 537 536 536 526 529 734 735 736 736 737 734 738 739 734 734 737 738 727 726 740 740 741 727 735 742 743 743 736 735 537 529 737 528 738 737 737 529 528 741 740 531 531 530 741 743 532 535 535 736 743 736 535 537 537 737 736 744 745 746 746 747 744 746 748 747 746 749 748 746 750 749 746 751 750 746 752 751 746 753 754 746 755 753 746 756 755 746 757 756 746 745 757 758 759 760 758 761 759 758 762 761 758 763 764 758 765 763 758 766 765 758 767 766 758 768 767 758 769 768 770 769 758 758 771 770 758 760 771 772 773 774 774 775 772 775 776 772 777 778 774 774 773 777 779 780 781 781 782 779 779 782 783 780 784 785 785 781 780</p>
        </polylist>
      </mesh>
    </geometry>
    <geometry id="meshId1" name="meshId1">
      <mesh>
        <source id="meshId1-positions" name="meshId1-positions">
          <float_array id="meshId1-positions-array" count="1296">-9.108289 3.228947 2.454647 -9.877414 3.013389 2.476619 -10.06472 3.747946 1.75603 -9.300855 3.899716 1.713249 -10.31121 4.808125 0.5385092 -9.412771 4.862576 0.540733 -9.387445 4.312491 1.018679 -10.17871 4.200314 1.036777 -9.62703 2.151644 3.06025 -8.866859 2.347618 3.017285 -8.651673 1.612208 3.35569 -9.442636 1.407747 3.387627 -8.916618 1.087263 3.462102 -9.818043 2.597975 2.012919 -10.02839 3.199681 1.371593 -9.211824 3.373316 1.347887 -9.060664 2.837443 2.026202 -10.25567 3.713431 -0.1546842 -10.27238 3.634328 -1.310041 -10.30753 4.617966 -1.581936 -10.20327 3.305998 -2.00004 -10.23478 3.934717 -2.499015 -9.41205 1.295814 2.820419 -9.648502 2.038631 2.605773 -8.889233 2.241356 2.582401 -8.658177 1.491322 2.793182 -8.919437 1.011709 3.00273 -9.354393 3.665481 0.5754444 -10.15929 3.567597 0.5918828 -2.526948 15.76972 1.738424 6.033983E-10 16.0136 1.740009 0 15.23049 1.782441 -2.426353 15.00982 1.782328 -6.694265 13.6782 1.738942 -6.367989 13.29544 1.782408 -7.870288 11.38614 1.782423 -8.29434 11.64588 1.740226 -9.080607 1.268287 -4.030841 -9.312229 2.485326 -3.809839 -10.07098 2.324509 -3.778781 -9.849504 1.085513 -3.986942 -8.814742 0.05122936 -4.002674 -9.575506 -0.1349163 -3.910192 -9.351978 -1.076052 -3.781342 -8.574176 -0.8882775 -3.887038 -8.824438 -1.390348 -3.757432 -9.975442 1.988573 -3.158759 -9.803693 1.024343 -3.3068 -9.0447 1.207382 -3.333181 -9.214498 2.157437 -3.204523 -8.441237 -1.16012 -3.490006 -8.570393 0.3538234 -3.066905 -9.322685 0.170279 -3.010928 -9.325919 -0.9680206 -3.23031 -8.831038 -1.275652 -3.245103 -9.319344 2.866432 -2.733914 -9.438172 3.34696 -3.292418 -10.19074 3.206807 -3.27433 -10.13604 2.722548 -2.717147 1.179642E-09 14.82288 -1.15711 -9.738904E-10 15.23049 -1.196014 -2.422159 14.98961 -1.194774 -2.326079 14.59563 -1.132313 -4.461192 14.36607 -1.19521 -4.268167 14.00416 -1.133513 -6.367989 13.29544 -1.195982 -7.875312 11.38138 -1.195924 -7.50312 11.17863 -1.160519 -6.100463 12.99485 -1.160331 -4.97823E-10 16.62981 0.2932134 -2.627135 16.35318 0.2932123 -8.673641 11.85857 0.2932135 -7.003073 14.07112 0.293212 -6.100463 12.99485 1.746757 -5.799464 12.69199 0.2932135 -7.188171 10.91518 0.2932135 -7.50312 11.17863 1.746946 1.769463E-09 14.82288 1.743537 2.401162E-10 14.4124 0.2932135 -2.313575 14.2204 0.2995908 -2.333305 14.62718 1.746625 -9.410848 3.639986 -1.309407 -9.383282 3.39688 -2.016913 -9.426624 3.787901 -0.1593863 -9.462865 4.042569 -2.516894 -9.406994 4.660232 -1.582225 -9.135182 10.29925 1.733566 -9.394101 10.39583 0.2936617 -8.587085 10.05659 -1.195919 -8.268519 9.838338 -1.155151 -8.266897 9.838199 1.738531 -7.533403 10.4413 0.2932135 -8.58517 10.06387 1.782325 -8.912378 8.391321 1.714553 -8.91359 8.424651 -1.14558 -9.763651 8.620407 -1.130731 -9.135182 10.29925 -1.147139 -9.904428 8.620333 0.2943531 -9.63987 8.585424 1.736365 -9.086531 7.679739 1.357789 -9.81935 7.833216 1.382907 -9.063609 7.767619 -1.13926 -9.903802 7.921619 -1.137891 -10.00726 7.926558 0.3089467 0 16.0136 -1.153582 -2.526948 15.76972 -1.151997 -4.664877 14.99203 -1.144838 -6.694265 13.6782 -1.152515 -8.29434 11.64588 -1.153799 -4.859902 15.53614 0.2932109 -4.664927 14.99212 1.731175 -4.162732 13.66169 0.3001038 -4.281541 14.03361 1.747536 -4.470214 14.38432 1.782442 -10.05919 2.440041 2.108183 -10.33818 3.453205 0.5704594 -9.324975 3.804494 0.5465697 -9.050117 2.780541 2.089997 -10.39701 3.413236 -1.114647 -9.384753 3.772719 -1.166526 -8.498071 -4.544497 1.021891 -8.592928 -3.563967 2.71127 -7.594668 -3.328395 2.705579 -7.482134 -4.319601 0.9929664 -8.964434 -1.654902 3.419457 -7.956514 -1.391876 3.431305 -9.445159 0.5369772 3.156011 -8.420961 0.8546839 3.197316 -9.828568 -0.1996655 1.760453 -10.1398 0.9042294 1.109766 -5.629276 0.3693585 -0.186673 -5.075269 -1.994479 0.4326339 -5.217757 -1.044575 1.736641 -6.299192 -4.572851 1.029028 -6.405 -3.470579 2.947501 -5.077046 -3.277608 2.7802 -4.951395 -4.360227 0.9776372 -7.053247 4.907676 0.364693 -8.359369 4.535911 0.5146464 -8.414181 4.50403 -1.376534 -7.141253 4.945858 -1.504762 -6.711477 3.793275 2.288032 -8.019385 3.404316 2.324493 -6.051137 1.533351 3.546703 -7.367966 1.198302 3.560023 -6.823447 -1.353059 3.787595 -5.466789 -1.080362 3.805257 -10.28982 2.629806 -2.670374 -10.01103 1.005934 -3.473092 -8.999223 1.321826 -3.572426 -9.279384 2.968182 -2.755574 -8.585169 -4.424387 -0.9205914 -7.549906 -4.198735 -0.9748673 -8.912894 -3.466497 -2.44067 -7.891229 -3.227494 -2.512587 -9.433185 -1.481597 -3.459387 -8.543914 -0.8185688 -3.380261 -5.194385 -1.757999 -1.134447 -5.025935 -4.197587 -1.128756 -6.377913 -4.441509 -1.169899 -7.002141 3.995706 -3.195387 -8.309261 3.573068 -3.195171 -6.688984 2.105309 -4.376875 -8.001369 1.749898 -4.152414 -6.043781 -0.7932281 -4.203159 -7.365587 -1.088142 -4.057048 -6.781066 -3.374081 -2.866348 -5.412476 -3.150467 -3.015254 -9.562696 -1.477081 1.807577 -9.409458 -2.588284 -0.3736398 -9.379017 -2.6011 0.5243645 -9.432414 -2.201506 1.326479 -10.28185 1.310059 0.3629807 -6.068565 2.537183 0.7300533 -5.633173 0.9422635 1.946576 -6.043234 1.779841 -2.10977 -5.626588 -0.1661397 -2.261993 -6.18491 2.723206 -0.8412737 -9.538401 -2.194315 -1.107735 -6.586558 -3.402882 2.869604 -6.959167 -1.335771 3.690191 -6.465352 -4.474907 1.021641 -6.543051 -4.346134 -1.116576 -6.911839 -3.304924 -2.780291 -7.502938 -1.07381 -3.929515 -8.134869 1.676277 -3.983037 -8.410929 3.467127 -3.09659 -8.533345 4.341234 -1.328538 -8.468499 4.382251 0.5562854 -8.140037 3.280014 2.251878 -7.508107 1.145111 3.450337 -8.933168 1.455235 -3.835708 -8.296966 -1.244112 -3.816355 -7.727761 -3.435583 -2.683398 -7.372485 -4.457179 -1.032112 -7.302945 -4.575632 1.070579 -7.422148 -3.517119 2.887181 -7.780288 -1.478665 3.690125 -8.313992 0.9474794 3.438055 -8.967706 3.040591 2.245944 -9.265976 4.116176 0.5969256 -9.33244 4.069098 -1.254453 -9.219519 3.200921 -2.962131 -10.29461 5.444079 0.3419119 -10.27454 5.374943 -1.17118 -9.392344 5.343999 -1.16352 -9.392586 5.405177 0.3445264 -9.335268 6.073816 0.2940537 -10.21993 6.191531 0.2836314 -9.332905 6.051252 -1.119482 -10.20197 6.166408 -1.108082 -10.31192 1.285501 -0.494031 -10.26179 0.8874744 -1.270252 -10.12103 0.1699824 -1.731155 -9.826974 -1.08892 -1.711344 -10.07542 7.010646 -1.124352 -10.1027 6.965127 0.4494455 -9.213843 6.80675 0.4422876 -9.226615 6.849135 -1.121982 9.108289 3.228947 2.454679 9.300855 3.899669 1.712603 10.06472 3.747908 1.755422 9.877414 3.013389 2.47696 10.31121 4.807872 0.5357131 10.17869 4.199627 1.032363 9.387328 4.310527 1.015391 9.412771 4.862059 0.5391155 9.615314 2.157967 3.068769 9.442636 1.407591 3.386496 8.651673 1.610577 3.35343 8.86955 2.348505 3.019454 8.916618 1.086723 3.461001 10.029 3.197781 1.364649 9.857625 2.604495 2.05156 9.0413 2.844258 2.048228 9.212723 3.36305 1.335709 10.30753 4.618018 -1.581983 10.27238 3.634426 -1.312542 10.25567 3.712538 -0.1608701 10.20327 3.30626 -2.003729 10.23478 3.934325 -2.499025 9.686137 1.994408 2.622062 9.465277 1.294718 2.909765 8.610131 1.506428 2.871307 8.795541 2.207619 2.559734 8.913772 1.007727 3.067972 9.354427 3.65914 0.5625474 10.15935 3.564638 0.5820034 2.526948 15.76972 1.738424 2.426353 15.00982 1.782328 6.694265 13.6782 1.738942 8.29434 11.64588 1.740226 7.870288 11.38614 1.782423 6.367989 13.29544 1.782408 9.080607 1.267723 -4.030182 9.849504 1.085512 -3.986511 10.07098 2.324503 -3.77861 9.312229 2.485301 -3.809683 8.825589 0.04949084 -4.009824 8.574176 -0.8882691 -3.886489 9.351978 -1.075909 -3.781229 9.572814 -0.13368 -3.913931 8.824438 -1.390348 -3.757288 9.839736 1.015297 -3.346178 9.976448 1.988405 -3.161273 9.215401 2.15562 -3.203361 9.020379 1.210775 -3.369582 8.725148 0.09607795 -3.500557 8.520231 -0.7956629 -3.406034 9.377304 -1.008938 -3.312748 9.610559 -0.1160544 -3.396473 8.828211 -1.3274 -3.317177 9.438105 3.34688 -3.292857 9.319366 2.866268 -2.732345 10.19071 3.206856 -3.274761 10.13611 2.722702 -2.720486 2.326079 14.59563 -1.132313 2.422159 14.98961 -1.194774 4.461192 14.36607 -1.19521 4.268167 14.00416 -1.133513 6.367989 13.29544 -1.195982 6.100463 12.99485 -1.160331 7.50312 11.17863 -1.160519 7.875312 11.38138 -1.195924 2.627135 16.35318 0.2932122 7.003073 14.07112 0.293212 8.673641 11.85857 0.2932134 6.100463 12.99485 1.746757 7.50312 11.17863 1.746946 7.188171 10.91518 0.2932135 5.799464 12.69199 0.2932135 2.333305 14.62718 1.746625 2.313575 14.2204 0.2995908 9.383282 3.396625 -2.01095 9.410848 3.640126 -1.310887 9.426624 3.786404 -0.1628252 9.406994 4.660329 -1.582569 9.462865 4.042636 -2.51696 9.394101 10.39583 0.2936617 9.135182 10.29925 1.733566 8.268519 9.838338 -1.155151 8.587085 10.05659 -1.195919 7.533403 10.4413 0.2932135 8.266897 9.838199 1.738531 8.58517 10.06387 1.782325 8.912378 8.391321 1.714553 8.91359 8.424651 -1.14558 9.763651 8.620407 -1.130731 9.904428 8.620333 0.2943531 9.135182 10.29925 -1.147139 9.63987 8.585424 1.736365 9.81935 7.833216 1.382907 9.086531 7.679739 1.357789 9.063609 7.767619 -1.13926 9.903802 7.921619 -1.137891 10.00726 7.926558 0.3089467 2.526948 15.76972 -1.151997 4.664877 14.99203 -1.144838 6.694265 13.6782 -1.152515 8.29434 11.64588 -1.153799 4.859902 15.53614 0.293211 4.664927 14.99212 1.731175 4.162732 13.66169 0.3001038 4.281541 14.03361 1.747536 4.470214 14.38432 1.782442 10.05918 2.440041 2.084416 9.050116 2.780541 2.088552 9.325043 3.806288 0.5536954 10.33825 3.453341 0.5742919 9.384802 3.772944 -1.162707 10.39704 3.41339 -1.112038 8.49806 -4.544497 1.021891 7.482134 -4.319601 0.9929664 7.594668 -3.328395 2.705579 8.59293 -3.563967 2.71127 7.956514 -1.391876 3.431305 8.964442 -1.654902 3.419458 8.420961 0.8546838 3.197316 9.445167 0.5369771 3.156011 5.629274 0.3694515 -0.1868224 5.217757 -1.044575 1.736641 5.075269 -1.994479 0.4326339 6.299191 -4.573081 1.028917 4.951395 -4.360227 0.9776372 5.077046 -3.277608 2.7802 6.405 -3.470579 2.947501 7.053247 4.907676 0.364693 7.141253 4.945858 -1.504762 8.414181 4.50403 -1.376534 8.359369 4.535911 0.5146464 6.711477 3.793275 2.288032 8.019385 3.404316 2.324493 6.051137 1.533351 3.546703 7.367966 1.198302 3.560011 6.823447 -1.353059 3.787594 5.466789 -1.080362 3.805257 10.28983 2.629806 -2.670399 9.279386 2.968186 -2.755469 8.999223 1.321826 -3.572426 10.01104 1.005934 -3.473092 8.585165 -4.424387 -0.9205947 7.549906 -4.198735 -0.9748673 8.912889 -3.466497 -2.44067 7.891229 -3.227494 -2.512587 9.433193 -1.481597 -3.459387 8.426151 -1.202146 -3.548362 10.25875 0.8699865 -1.290268 10.31176 1.278454 -0.5056253 5.194385 -1.757999 -1.134447 6.377913 -4.441509 -1.1699 5.025935 -4.197587 -1.128756 7.002141 3.995706 -3.195387 8.309261 3.573068 -3.192676 6.688984 2.105309 -4.376875 8.001369 1.749898 -4.152414 6.043781 -0.7932281 -4.203159 7.365587 -1.088142 -4.057048 6.781066 -3.374081 -2.866348 5.412476 -3.150467 -3.015254 9.822709 -1.106158 -1.706775 10.11594 0.1495625 -1.740046 9.407237 -2.593771 -0.3471549 9.535093 -2.208102 -1.090609 10.28188 1.31012 0.3626732 6.068565 2.537183 0.7300533 5.633173 0.9422635 1.946576 5.626588 -0.1661397 -2.261993 6.043283 1.779958 -2.105851 6.18491 2.723206 -0.8412737 10.14152 0.9120926 1.105351 9.832741 -0.1824438 1.755148 9.379418 -2.595094 0.5514495 9.43511 -2.183805 1.347607 9.565895 -1.455848 1.815982 6.586558 -3.402882 2.869604 6.959167 -1.335771 3.690191 6.465352 -4.474907 1.021641 6.54305 -4.346134 -1.116576 6.911839 -3.304924 -2.780291 7.502938 -1.07381 -3.929515 8.134869 1.676277 -3.983037 8.410929 3.467127 -3.092583 8.533345 4.341234 -1.328538 8.468498 4.382251 0.5562738 8.140037 3.280014 2.251878 7.508107 1.145111 3.450307 8.296966 -1.244112 -3.816355 8.933168 1.455235 -3.835708 7.727761 -3.435583 -2.683398 7.372485 -4.457179 -1.032112 7.302942 -4.575968 1.070418 7.422148 -3.517119 2.887181 7.780288 -1.478665 3.690125 8.313992 0.9474795 3.438055 8.967707 3.040591 2.250865 9.265976 4.117291 0.5985565 9.33249 4.069328 -1.250551 9.219519 3.200921 -2.962131 10.29461 5.445112 0.3394227 10.27454 5.375081 -1.171233 9.392344 5.344074 -1.163608 9.392586 5.403459 0.3456447 9.335268 6.073797 0.2937958 10.21993 6.191515 0.2834371 9.332905 6.051288 -1.119533 10.20197 6.166364 -1.108038 10.1027 6.965127 0.4494455 10.07542 7.010642 -1.124351 9.213843 6.80675 0.4422876 9.226615 6.849127 -1.12198 -9.923397 -0.7328609 0.04573953 9.923397 -0.7328596 0.04573667</float_array>
          <technique_common>
            <accessor count="432" offset="0" source="#meshId1-positions-array" stride="3">
              <param name="X" type="float" />
              <param name="Y" type="float" />
              <param name="Z" type="float" />
            </accessor>
          </technique_common>
        </source>
        <source id="meshId1-normals" name="meshId1-normals">
          <float_array id="meshId1-normals-array" count="1296">-0.6009359 -0.5950733 -0.5336328 0.7871932 -0.2774417 -0.550775 0.7997214 -0.4201224 -0.4288858 -0.5778694 -0.7262383 -0.3723506 0.8324692 -0.3701921 -0.4122536 -0.8401824 -0.3435184 -0.4196293 -0.6356071 -0.6849497 -0.3561567 0.7583594 -0.500438 -0.4176756 0.7392712 -0.1376573 -0.6591879 -0.6529552 -0.4084873 -0.6377992 -0.68137 -0.1439143 -0.7176514 0.6036326 0.1479364 -0.7834172 -0.2157004 0.5979151 -0.7719915 0.653585 0.5907525 0.4731154 0.5815971 0.7383476 0.3414493 -0.8097042 0.4299335 0.39942 -0.8274111 0.2556028 0.5000579 0.6818777 0.7306913 0.03366332 0.7074142 0.6808078 -0.1899107 0.839614 -0.1935288 0.5075381 0.6670675 0.6353351 -0.3890634 0.7419229 -0.4149709 0.5266399 0.5590706 0.5809857 0.5915199 0.6490998 0.4149086 0.6375895 -0.7388702 0.144379 0.6581988 -0.7064747 0.2899191 0.6456317 -0.2366841 0.9354476 0.2625232 -0.777688 0.5774378 0.2485297 0.6267613 0.7601712 0.1712023 0.1140106 -0.5781148 -0.807951 -2.318737E-09 -0.5921221 -0.8058483 -3.552714E-15 0 -1 -1.145682E-08 0 -1 0.3879865 -0.4380165 -0.8109304 6.207448E-08 0 -1 -2.202267E-08 0 -1 0.5133896 -0.3288285 -0.7926556 -0.6184936 -0.300787 0.7259429 -0.5913863 -0.5053719 0.6283802 0.8027479 -0.2322214 0.549244 0.7661443 0.01782583 0.6424214 -0.6381124 -0.1545726 0.7542678 0.7402676 0.1525369 0.6547797 0.5959911 0.5182953 0.6133226 -0.6608511 0.2378364 0.7118355 -0.1745398 0.8992429 0.4011212 0.6077419 0.4938268 -0.6219203 0.679142 0.3166903 -0.6621733 -0.7940577 -0.01431918 -0.6076738 -0.8007069 0.2262145 -0.5547032 -0.7285624 -0.07295095 -0.6810836 -0.733465 -0.1223043 -0.6686336 0.6444514 0.1852732 -0.74186 0.5598052 0.2550876 -0.7883835 -0.2804261 0.7395321 -0.611926 -0.8021964 0.4222669 -0.4221038 -0.5978817 -0.5919155 0.5405309 0.7820404 -0.4030296 0.4753735 0.6182474 0.6170142 -0.4868919 -7.093792E-09 0.613332 0.7898252 0 0 1 -2.45247E-08 0 1 -0.1159153 0.6041285 0.7884113 -2.45247E-08 0 1 -0.2627996 0.5560288 0.788523 0 0 1 3.062744E-08 0 1 -0.5093319 0.3619267 0.7807626 -0.4157021 0.4473574 0.7918732 -1.957988E-09 -1 0 0.1934844 -0.9811034 -2.98391E-07 0.8420784 -0.5393553 8.536001E-08 0.6630631 -0.7485635 2.374369E-08 -0.415702 0.4473574 -0.7918733 -0.6807138 0.7325495 -1.244643E-07 -0.8151555 0.5792423 6.880463E-08 -0.5093319 0.3619267 -0.7807624 -7.093792E-09 0.613332 -0.7898252 -9.638326E-09 1 -1.542132E-08 -0.1884347 0.9820858 -1.157071E-08 -0.1159153 0.6041285 -0.7884113 -0.7297534 0.6566057 -0.1906018 -0.7619138 0.5318112 -0.3696812 -0.7310024 0.6785029 0.07258916 -0.6463292 -0.5163099 0.5618564 -0.8434628 -0.1388586 0.5189307 0.6028089 -0.2190929 -0.7672156 0.9398487 -0.3415912 2.661445E-08 1.121398E-07 0 1 -0.6678526 0.447502 0.5947394 -0.6678527 0.447502 -0.5947394 -0.8036448 0.5951094 -1.009073E-08 4.004039E-08 0 -1 -0.4915955 0.2998689 -0.8175651 -0.5216672 0.183319 0.8332213 0.504755 -0.1208299 0.8547646 0.6028089 -0.2190929 0.7672157 0.9737793 -0.22745 -0.004530869 0.5435009 -0.007538045 -0.8393747 -0.5988805 0.5397058 -0.5916586 0.7435545 0.237805 -0.6249604 -0.6907642 0.1504356 0.7072581 0.6611077 -0.1463423 0.7358808 0.9796003 -0.1994239 -0.02476777 0 -0.5921221 0.8058483 0.1140107 -0.5781151 0.8079509 0.2451664 -0.5298395 0.8118889 0.3879865 -0.4380165 0.8109304 0.5133895 -0.3288285 0.7926557 0.4199407 -0.9075516 -3.006351E-07 0.2451664 -0.5298393 -0.8118891 -0.4273127 0.904104 -2.052542E-07 -0.2627995 0.5560287 -0.788523 5.217437E-08 0 -1 0.7264367 -0.359563 -0.5856658 0.7933737 -0.5642752 -0.2283675 0.7504374 -0.6169942 -0.2369851 0.674596 -0.4052573 -0.6169983 0.8085189 -0.5741058 0.1292274 0.7695073 -0.6230828 0.1400949 0.4610542 0.8657026 -0.1949056 0.4850756 0.6961499 -0.529223 0.4217355 0.7168624 -0.5552005 0.3989275 0.8945477 -0.201597 0.5509284 0.3589053 -0.7534355 0.4862147 0.3598937 -0.7962863 0.6291993 -0.02648493 -0.7767926 0.5713698 -0.05008241 -0.8191633 0.9577346 0.1763016 -0.2272931 0.9772559 0.1119352 -0.1801154 -0.9748036 -0.2155659 0.0573529 -0.991518 -0.1260888 0.03152543 -0.9862596 -0.1645125 -0.01509244 0.1562912 0.9634239 -0.2176865 0.1591746 0.7660748 -0.6227301 -0.885727 0.2992237 -0.3548985 -0.8123719 0.5689088 -0.1280428 -0.6279699 -0.7689411 -0.1199318 0.545908 -0.7965751 -0.2597167 0.5911803 -0.7870182 0.176375 -0.4609728 -0.8657734 0.1947835 -0.6833265 -0.6028235 -0.4119089 0.4410232 -0.5633391 -0.6986758 -0.6405275 -0.3094212 -0.7028394 0.3177841 -0.1365465 -0.9382795 0.217161 0.3536403 -0.909824 -0.8329263 0.0241671 -0.552856 0.7900293 -0.4201433 0.4464678 0.7215863 -0.08960138 0.6865018 0.6714047 -0.1140375 0.7322644 0.7481599 -0.4620762 0.4761747 0.4781336 0.8609046 0.1738724 0.4168883 0.8892021 0.1884782 0.5392305 0.6606188 0.5223153 0.4775429 0.677083 0.559921 0.6203739 0.3092018 0.7207846 0.5656964 0.3060554 0.765714 -0.9838704 -0.1484482 0.09981129 -0.8832436 0.4235509 0.2012096 0.1852343 0.9561757 0.2267516 -0.6265208 -0.6384812 0.447005 0.567829 -0.596924 0.5667911 -0.679122 -0.3491971 0.6456429 0.4846037 -0.1947504 0.8527789 -0.624521 0.02897827 0.7804703 0.3726259 0.2871258 0.8824448 0.2647096 0.710114 0.6524317 -0.822846 0.2528152 0.5089292 0.9437453 0.2547205 -0.2108607 0.9322453 0.3617078 -0.009285718 0.929869 0.3588961 -0.0808533 0.9331621 0.3244927 -0.1546384 0.9932452 0.07061644 -0.09207272 -0.9559585 -0.2932607 0.01189441 -0.9703161 -0.2381528 -0.04207037 -0.9580304 -0.257232 0.1265292 -0.9685473 -0.1927397 0.1573775 -0.9499449 -0.3040932 0.07163889 0.9428083 0.3282035 0.05826685 0.2131702 0.7584516 -0.6158813 0.2660218 0.3525003 -0.8972045 0.2055549 0.9545656 -0.2157583 0.2426935 0.9444613 0.221569 0.319584 0.7029482 0.6353974 0.4152512 0.2924505 0.8614169 0.5326636 -0.1720562 0.8286533 0.6111133 -0.5696634 0.5495674 0.6228216 -0.7634436 0.1710181 0.5867841 -0.767614 -0.2577853 0.4834257 -0.5358868 -0.6921886 0.353295 -0.1256235 -0.927039 0.6953895 -0.1009282 0.7115103 0.5967904 0.3078397 0.7409967 0.5114249 0.6672084 0.5415511 0.4466854 0.8760854 0.1815125 0.4206625 0.8850098 -0.1995015 0.4331816 0.714115 -0.5499032 0.4866385 0.3610193 -0.7955175 0.5660832 -0.05217227 -0.8226956 0.6716223 -0.4087743 -0.6179216 0.7528995 -0.6141152 -0.2366537 0.7778857 -0.6131295 0.1377173 0.7634115 -0.4465967 0.4666417 0.7021491 -0.2952875 -0.6479135 0.6992677 -0.08692744 0.709555 -0.7083399 0.04438788 0.7044746 -0.7151919 -0.1698199 -0.6779836 -0.7039741 0.055023 -0.708091 0.7027603 -0.1247393 -0.7004057 -0.7053012 0.06471985 0.7059474 0.6970537 -0.114271 0.7078547 0.9976442 0.0669105 -0.01513668 0.9942346 0.09733243 0.04498791 0.9818751 0.1627831 0.09707179 0.9616423 0.2526422 0.1068463 0.6868814 -0.1272916 0.7155353 0.8653097 0.05743307 -0.4979365 -0.6632152 0.3881893 -0.6398865 -0.6980246 0.1120087 0.7072592 0.6009359 -0.5950733 -0.5336328 0.5778694 -0.7262383 -0.3723507 -0.7997214 -0.4201224 -0.4288858 -0.7871932 -0.2774422 -0.5507747 -0.8324691 -0.3701921 -0.4122536 -0.7583596 -0.5004375 -0.4176758 0.6356069 -0.6849498 -0.3561568 0.8401825 -0.3435181 -0.4196293 -0.7392713 -0.1376571 -0.6591878 -0.6036328 0.1479363 -0.7834172 0.68137 -0.1439145 -0.7176514 0.6529549 -0.4084873 -0.6377993 0.2157005 0.5979148 -0.7719917 -0.5815972 0.7383477 0.3414491 -0.8057428 0.5301506 0.2640433 0.9415352 0.1431196 0.3050052 0.8097042 0.4299338 0.3994198 -0.839614 -0.1935288 0.507538 -0.7074143 0.6808077 -0.1899107 -0.6818777 0.7306911 0.03366326 -0.6670675 0.635335 -0.3890634 -0.7419229 -0.4149709 0.5266399 -0.982318 0.1850562 -0.02838291 -0.837792 0.5381156 -0.09239245 0.9934653 0.1122953 -0.02040931 0.9822299 -0.1855046 0.02850432 0.2695975 0.9487993 -0.164612 0.7776881 0.5774377 0.2485296 -0.6267608 0.7601716 0.1712021 -0.1140106 -0.578115 -0.8079509 1.10525E-08 0 -1 -0.3879865 -0.4380164 -0.8109304 -0.5133895 -0.3288285 -0.7926556 8.345193E-09 0 -1 -1.083465E-08 0 -1 0.6184934 -0.300787 0.7259429 -0.7661443 0.01782613 0.6424214 -0.8027481 -0.2322209 0.549244 0.591386 -0.5053721 0.6283802 0.6381124 -0.1545725 0.7542678 0.6608512 0.237836 0.7118355 -0.5959909 0.5182955 0.6133226 -0.7402675 0.1525369 0.6547799 0.1745404 0.8992428 0.4011213 -0.8235542 0.3421105 -0.4524589 -0.6077418 0.493827 -0.6219203 0.8007069 0.2262141 -0.5547034 0.9202017 -0.04960257 -0.3882893 0.975342 -0.2181736 0.03329058 0.9951391 0.09679408 -0.01814224 -0.8297749 0.5500033 -0.09471059 -0.9759252 0.2153049 -0.03483966 0.2695991 0.9487987 -0.164613 0.5978811 -0.5919161 0.5405306 0.8021967 0.4222661 -0.4221041 -0.7820404 -0.4030298 0.4753735 -0.6182475 0.6170139 -0.4868921 0.1159153 0.6041285 0.7884114 2.452473E-08 0 1 -1.570814E-09 0 1 0.2627995 0.5560287 0.788523 -6.302145E-09 0 1 0.4157021 0.4473574 0.7918732 0.5093319 0.3619268 0.7807626 -1.007692E-07 0 1 -0.1934844 -0.9811034 -7.852395E-09 -0.6630631 -0.7485635 -1.582913E-08 -0.8420784 -0.5393553 4.656001E-08 0.4157021 0.4473574 -0.7918732 0.509332 0.3619268 -0.7807624 0.8151555 0.5792423 6.498215E-08 0.6807138 0.7325495 6.612168E-08 0.1159153 0.6041284 -0.7884114 0.1884347 0.9820858 -1.157071E-08 0.7619139 0.5318111 -0.3696813 0.7297531 0.656606 -0.1906017 0.7310024 0.678503 0.07258911 0.8434628 -0.1388578 0.5189307 0.646329 -0.5163103 0.5618564 -0.9398487 -0.3415912 7.984336E-08 -0.6028088 -0.2190929 -0.7672156 0.6678526 0.447502 0.5947394 -2.047528E-07 0 1 0.8036446 0.5951096 -1.009072E-08 0.6678526 0.4475021 -0.5947394 -6.093976E-08 0 -1 0.4915954 0.2998691 -0.8175651 0.5216672 0.1835632 0.8332211 -0.504755 -0.12083 0.8547646 -0.9737793 -0.2274499 -0.004530839 -0.6028089 -0.2190929 0.7672156 -0.5435009 -0.007537853 -0.8393747 -0.7435545 0.2378049 -0.6249604 0.5988805 0.5397059 -0.5916586 0.6907642 0.1504357 0.707258 -0.6611077 -0.1463424 0.7358808 -0.9796003 -0.199424 -0.02476777 -0.1140106 -0.578115 0.8079509 -0.2451664 -0.5298395 0.811889 -0.3879865 -0.4380165 0.8109304 -0.5133895 -0.3288285 0.7926556 -0.4199407 -0.9075516 -7.91145E-09 -0.2451663 -0.5298394 -0.8118889 0.4273127 0.904104 -1.161816E-08 0.2627996 0.5560287 -0.7885231 -2.64832E-08 0 -1 -0.7264366 -0.3595628 -0.5856659 -0.6745959 -0.4052572 -0.6169984 -0.7504376 -0.6169939 -0.2369852 -0.7933739 -0.5642751 -0.2283676 -0.7695075 -0.6230825 0.1400949 -0.8085189 -0.5741058 0.1292274 -0.4610542 0.8657026 -0.1949056 -0.3989278 0.8945475 -0.201597 -0.4217356 0.7168623 -0.5552005 -0.4850757 0.6961499 -0.529223 -0.4862148 0.3598937 -0.7962862 -0.5509285 0.3589051 -0.7534354 -0.5713698 -0.05008237 -0.8191632 -0.6291993 -0.0264849 -0.7767927 0.9748035 -0.215566 0.05735291 0.9862596 -0.1645126 -0.01509245 0.991518 -0.1260888 0.03152543 -0.1562908 0.963424 -0.2176864 0.8123719 0.5689088 -0.1280427 0.885727 0.2992237 -0.3548985 -0.1591741 0.7660751 -0.6227299 0.6279697 -0.7689412 -0.1199317 0.4609727 -0.8657734 0.1947836 -0.5911794 -0.787019 0.1763749 -0.545907 -0.7965757 -0.2597166 0.6833264 -0.6028236 -0.4119088 -0.441023 -0.5633391 -0.6986758 0.6405275 -0.3094212 -0.7028394 -0.3177843 -0.1365466 -0.9382794 -0.217161 0.3536406 -0.9098239 0.8329263 0.02416723 -0.5528561 -0.7900292 -0.4201432 0.4464678 -0.7481599 -0.4620762 0.4761747 -0.6714048 -0.1140377 0.7322643 -0.7215863 -0.08960128 0.6865018 -0.4781336 0.8609046 0.1738723 -0.4168884 0.8892019 0.1884782 -0.5392305 0.6606188 0.5223152 -0.4775431 0.6770828 0.5599211 -0.6203739 0.3092017 0.7207846 -0.5656964 0.3060552 0.7657139 -0.9942347 0.09733213 0.04498791 -0.9976442 0.06691046 -0.01513668 0.9838703 -0.1484482 0.09981128 -0.1852345 0.9561757 0.2267517 0.8832436 0.4235509 0.2012096 0.6265208 -0.6384811 0.4470052 -0.5678291 -0.5969237 0.5667912 0.679122 -0.3491971 0.6456429 -0.4846036 -0.1947502 0.8527789 0.624521 0.02897817 0.7804703 -0.3726259 0.2871256 0.8824448 -0.2647098 0.7101138 0.6524318 0.822846 0.2528151 0.5089293 -0.9616423 0.2526421 0.1068463 -0.9818752 0.162783 0.09707179 -0.9322454 0.3617077 -0.009285721 -0.9428083 0.3282034 0.05826685 -0.9932452 0.07061664 -0.0920727 0.9559585 -0.2932608 0.01189438 0.9703161 -0.2381528 -0.04207039 0.9685473 -0.1927398 0.1573774 0.9580304 -0.2572318 0.1265292 0.9499449 -0.3040932 0.07163889 -0.9772559 0.1119352 -0.1801154 -0.9577347 0.1763014 -0.2272931 -0.929869 0.3588962 -0.0808533 -0.9331621 0.3244928 -0.1546384 -0.9437454 0.2547203 -0.2108608 -0.2131697 0.7584518 -0.6158811 -0.2660218 0.3525005 -0.8972044 -0.2055545 0.9545658 -0.2157581 -0.2426937 0.9444612 0.2215692 -0.3195842 0.702948 0.6353976 -0.4152512 0.2924504 0.861417 -0.5326635 -0.172056 0.8286533 -0.6111134 -0.5696631 0.5495674 -0.6228206 -0.7634444 0.1710181 -0.5867832 -0.7676147 -0.2577852 -0.4834255 -0.5358868 -0.6921886 -0.3532951 -0.1256237 -0.927039 -0.5967904 0.3078394 0.7409967 -0.6953896 -0.1009283 0.7115102 -0.5114249 0.6672083 0.5415512 -0.4466854 0.8760852 0.1815126 -0.4206627 0.8850096 -0.1995016 -0.4331818 0.7141148 -0.5499033 -0.4866385 0.3610192 -0.7955176 -0.5660831 -0.0521723 -0.8226957 -0.6716223 -0.4087742 -0.6179218 -0.7528998 -0.6141148 -0.2366537 -0.7778859 -0.6131292 0.1377173 -0.7634115 -0.4465967 0.4666415 -0.7021492 -0.2952873 -0.6479135 -0.6992677 -0.08692724 0.709555 0.7083398 0.04438807 0.7044746 0.715192 -0.1698197 -0.6779836 0.7039742 0.05502268 -0.7080911 -0.7027603 -0.1247392 -0.7004057 0.7053011 0.06471948 0.7059474 -0.6970537 -0.1142709 0.7078547 -0.8653097 0.05743278 -0.4979365 -0.6868814 -0.1272916 0.7155353 0.6632152 0.388189 -0.6398866 0.6980247 0.1120085 0.7072593 0.9739012 0.2197663 -0.05673976 -0.9739012 0.2197662 -0.05673975</float_array>
          <technique_common>
            <accessor count="432" offset="0" source="#meshId1-normals-array" stride="3">
              <param name="X" type="float" />
              <param name="Y" type="float" />
              <param name="Z" type="float" />
            </accessor>
          </technique_common>
        </source>
        <vertices id="meshId1-vertices">
          <input semantic="POSITION" source="#meshId1-positions" />
        </vertices>
        <polylist count="842" material="defaultMaterial">
          <input offset="0" semantic="VERTEX" source="#meshId1-vertices" />
          <input offset="0" semantic="NORMAL" source="#meshId1-normals" />
          <vcount>3 3 3 3 3 3 3 3 3 3 3 3 3 3 3 3 3 3 3 3 3 3 3 3 3 3 3 3 3 3 3 3 3 3 3 3 3 3 3 3 3 3 3 3 3 3 3 3 3 3 3 3 3 3 3 3 3 3 3 3 3 3 3 3 3 3 3 3 3 3 3 3 3 3 3 3 3 3 3 3 3 3 3 3 3 3 3 3 3 3 3 3 3 3 3 3 3 3 3 3 3 3 3 3 3 3 3 3 3 3 3 3 3 3 3 3 3 3 3 3 3 3 3 3 3 3 3 3 3 3 3 3 3 3 3 3 3 3 3 3 3 3 3 3 3 3 3 3 3 3 3 3 3 3 3 3 3 3 3 3 3 3 3 3 3 3 3 3 3 3 3 3 3 3 3 3 3 3 3 3 3 3 3 3 3 3 3 3 3 3 3 3 3 3 3 3 3 3 3 3 3 3 3 3 3 3 3 3 3 3 3 3 3 3 3 3 3 3 3 3 3 3 3 3 3 3 3 3 3 3 3 3 3 3 3 3 3 3 3 3 3 3 3 3 3 3 3 3 3 3 3 3 3 3 3 3 3 3 3 3 3 3 3 3 3 3 3 3 3 3 3 3 3 3 3 3 3 3 3 3 3 3 3 3 3 3 3 3 3 3 3 3 3 3 3 3 3 3 3 3 3 3 3 3 3 3 3 3 3 3 3 3 3 3 3 3 3 3 3 3 3 3 3 3 3 3 3 3 3 3 3 3 3 3 3 3 3 3 3 3 3 3 3 3 3 3 3 3 3 3 3 3 3 3 3 3 3 3 3 3 3 3 3 3 3 3 3 3 3 3 3 3 3 3 3 3 3 3 3 3 3 3 3 3 3 3 3 3 3 3 3 3 3 3 3 3 3 3 3 3 3 3 3 3 3 3 3 3 3 3 3 3 3 3 3 3 3 3 3 3 3 3 3 3 3 3 3 3 3 3 3 3 3 3 3 3 3 3 3 3 3 3 3 3 3 3 3 3 3 3 3 3 3 3 3 3 3 3 3 3 3 3 3 3 3 3 3 3 3 3 3 3 3 3 3 3 3 3 3 3 3 3 3 3 3 3 3 3 3 3 3 3 3 3 3 3 3 3 3 3 3 3 3 3 3 3 3 3 3 3 3 3 3 3 3 3 3 3 3 3 3 3 3 3 3 3 3 3 3 3 3 3 3 3 3 3 3 3 3 3 3 3 3 3 3 3 3 3 3 3 3 3 3 3 3 3 3 3 3 3 3 3 3 3 3 3 3 3 3 3 3 3 3 3 3 3 3 3 3 3 3 3 3 3 3 3 3 3 3 3 3 3 3 3 3 3 3 3 3 3 3 3 3 3 3 3 3 3 3 3 3 3 3 3 3 3 3 3 3 3 3 3 3 3 3 3 3 3 3 3 3 3 3 3 3 3 3 3 3 3 3 3 3 3 3 3 3 3 3 3 3 3 3 3 3 3 3 3 3 3 3 3 3 3 3 3 3 3 3 3 3 3 3 3 3 3 3 3 3 3 3 3 3 3 3 3 3 3 3 3 3 3 3 3 3 3 3 3 3 3 3 3 3 3 3 3 3 3 3 3 3 3 3 3 3 3 3 3 3 3 3 3 3 3 3 3 3 3 3 3 3 3 3 3 3 3 3 3 3 3 3 3 3 3 3 3 3 3 3 3 3 3 3 3 3 3 3 3 3 3 3 3 3 3 3 3 3 3 3 3 3 3 3 3 3 3 3 3 3 3 3 3 3 3 3 3 3 3 3 3 3 3 3 3 3 3 3 3 3 3 3 3 3 3 3 3 3 3 3 3 3 3 3 3 3 3 3 3 3 3 3 3 3 3 3 3 3 3 3 3 3 3 3 3 3 3 3 3 3 3 3 3</vcount>
          <p>0 1 2 2 3 0 4 5 6 6 7 4 8 9 10 10 11 8 12 11 10 1 13 14 14 2 1 3 15 16 16 0 3 4 17 18 18 19 4 20 21 19 19 18 20 8 11 22 22 23 8 9 24 25 25 10 9 22 11 12 12 26 22 26 12 10 10 25 26 15 3 6 6 27 15 3 2 7 7 6 3 2 14 28 28 7 2 29 30 31 31 32 29 33 34 35 35 36 33 37 38 39 39 40 37 41 42 43 43 44 41 44 43 45 40 39 46 46 47 40 38 37 48 48 49 38 41 44 50 50 51 41 42 52 53 53 43 42 53 54 45 45 43 53 54 50 44 44 45 54 38 49 55 55 56 38 39 38 56 56 57 39 46 39 57 57 58 46 59 60 61 61 62 59 63 64 62 62 61 63 65 66 67 67 68 65 69 30 29 29 70 69 36 71 72 72 33 36 73 74 75 75 76 73 77 78 79 79 80 77 14 15 27 27 28 14 16 15 14 14 13 16 18 81 82 82 20 18 49 46 58 58 55 49 49 48 47 47 46 49 17 28 27 27 83 17 19 21 84 84 85 19 78 59 62 62 79 78 75 74 68 68 67 75 27 6 5 5 83 27 84 82 81 81 85 84 71 36 86 86 87 71 67 66 88 88 89 67 89 90 91 76 75 91 91 90 76 91 75 67 67 89 91 92 90 93 93 90 89 89 94 93 88 95 94 95 96 87 87 97 95 98 93 99 99 100 98 101 99 93 93 94 101 101 94 95 95 102 101 102 95 97 97 103 102 86 92 98 98 92 93 31 77 80 80 32 31 35 34 73 73 76 35 76 90 92 92 35 76 60 104 105 105 61 60 106 63 61 61 105 106 107 108 66 66 65 107 66 108 96 96 88 66 36 35 92 92 86 36 88 94 89 96 95 88 18 17 83 83 81 18 55 58 20 20 82 55 56 55 82 82 84 56 57 56 84 84 21 57 58 57 21 21 20 58 109 70 29 29 110 109 111 79 62 62 64 111 112 80 79 79 111 112 113 32 80 80 112 113 110 29 32 32 113 110 72 109 110 110 33 72 65 63 106 106 107 65 68 64 63 63 65 68 74 111 64 64 68 74 73 112 111 111 74 73 34 113 112 112 73 34 33 110 113 113 34 33 114 115 116 116 117 114 115 118 119 119 116 115 120 121 122 122 123 120 121 124 125 125 122 121 124 126 127 127 125 124 126 114 117 117 127 126 126 128 129 129 114 126 130 131 132 133 134 135 135 136 133 137 138 139 139 140 137 141 142 138 138 137 141 143 144 142 142 141 143 145 144 143 143 146 145 134 145 146 146 135 134 147 148 149 149 150 147 118 147 150 150 119 118 151 120 123 123 152 151 153 151 152 152 154 153 155 153 154 154 156 155 148 155 156 156 149 148 130 157 131 133 136 158 158 159 133 160 140 139 139 161 160 162 160 161 161 163 162 164 162 163 163 165 164 166 167 164 164 165 166 159 158 167 167 166 159 168 128 126 126 124 168 169 170 120 120 151 169 171 168 124 124 121 171 170 171 121 121 120 170 172 115 114 114 129 172 173 130 174 130 175 176 130 176 157 177 130 173 130 132 174 177 175 130 143 141 174 174 141 173 137 173 141 140 177 137 137 177 173 140 160 177 177 160 175 175 160 162 164 176 162 162 176 175 157 176 167 167 176 164 157 167 158 157 158 131 131 158 136 132 131 135 135 131 136 132 135 146 143 174 146 146 174 132 178 169 151 151 153 178 179 180 145 145 134 179 181 179 134 134 133 181 182 181 133 133 159 182 183 182 159 159 166 183 184 183 166 166 165 184 185 184 165 165 163 185 186 185 163 163 161 186 187 186 161 161 139 187 188 187 139 139 138 188 189 188 138 138 142 189 190 189 142 142 144 190 180 190 144 144 145 180 184 185 191 191 192 184 183 184 192 192 193 183 182 183 193 193 194 182 181 182 194 194 195 181 179 181 195 195 196 179 180 179 196 196 197 180 190 180 197 197 198 190 189 190 198 198 199 189 188 189 199 199 200 188 187 188 200 200 201 187 186 187 201 201 202 186 185 186 202 202 191 185 154 193 192 192 156 154 152 194 193 193 154 152 123 195 194 194 152 123 122 196 195 195 123 122 125 197 196 196 122 125 127 198 197 197 125 127 117 199 198 198 127 117 116 200 199 199 117 116 119 201 200 200 116 119 150 202 201 201 119 150 149 191 202 202 150 149 156 192 191 191 149 156 1 8 23 23 13 1 1 0 9 9 8 1 0 16 24 24 9 0 37 41 51 51 48 37 37 40 42 42 41 37 40 47 52 52 42 40 203 4 19 19 204 203 205 204 19 19 85 205 85 5 206 206 205 85 203 206 5 5 4 203 108 71 87 87 96 108 72 71 108 108 107 72 107 106 109 109 72 107 106 105 70 70 109 106 104 69 70 70 105 104 83 5 85 85 81 83 207 206 203 203 208 207 205 206 207 207 209 205 210 204 205 205 209 210 203 204 210 210 208 203 97 87 86 86 98 97 28 17 4 4 7 28 100 103 97 97 98 100 172 211 118 118 115 172 211 212 147 147 118 211 212 213 148 148 147 212 213 214 155 155 148 213 214 178 153 153 155 214 208 210 215 215 216 208 217 207 208 208 216 217 209 207 217 217 218 209 210 209 218 218 215 210 103 100 216 99 217 216 216 100 99 218 217 99 99 101 218 218 101 102 102 215 218 215 102 103 103 216 215 219 220 221 221 222 219 223 224 225 225 226 223 227 228 229 229 230 227 231 229 228 222 221 232 232 233 222 220 219 234 234 235 220 223 236 237 237 238 223 239 237 236 236 240 239 227 241 242 242 228 227 230 229 243 243 244 230 242 245 231 231 228 242 245 243 229 229 231 245 235 246 225 225 220 235 220 225 224 224 221 220 221 224 247 247 232 221 248 249 31 31 30 248 250 251 252 252 253 250 254 255 256 256 257 254 258 259 260 260 261 258 259 262 260 255 263 264 264 256 255 257 265 266 266 254 257 258 267 268 268 259 258 261 260 269 269 270 261 269 260 262 262 271 269 271 262 259 259 268 271 257 272 273 273 265 257 256 274 272 272 257 256 264 275 274 274 256 264 59 276 277 277 60 59 278 277 276 276 279 278 280 281 282 282 283 280 69 284 248 248 30 69 251 250 285 285 286 251 287 288 289 289 290 287 77 291 292 292 78 77 232 247 246 246 235 232 234 233 232 232 235 234 237 239 293 293 294 237 265 273 275 275 264 265 265 264 263 263 266 265 238 295 246 246 247 238 236 296 297 297 240 236 78 292 276 276 59 78 289 282 281 281 290 289 246 295 226 226 225 246 297 296 294 294 293 297 286 298 299 299 251 286 282 300 301 301 283 282 300 302 303 288 303 302 302 289 288 302 300 282 282 289 302 304 305 303 305 306 300 300 303 305 301 306 307 307 308 298 298 309 307 310 311 312 312 305 310 313 306 305 305 312 313 313 314 307 307 306 313 314 315 308 308 307 314 299 310 304 310 305 304 31 249 291 291 77 31 252 288 287 287 253 252 288 252 304 304 303 288 60 277 316 316 104 60 317 316 277 277 278 317 318 280 283 283 319 318 283 301 309 309 319 283 251 299 304 304 252 251 301 300 306 309 301 307 237 294 295 295 238 237 273 293 239 239 275 273 272 297 293 293 273 272 274 240 297 297 272 274 275 239 240 240 274 275 320 321 248 248 284 320 322 279 276 276 292 322 323 322 292 292 291 323 324 323 291 291 249 324 321 324 249 249 248 321 285 250 321 321 320 285 280 318 317 317 278 280 281 280 278 278 279 281 290 281 279 279 322 290 287 290 322 322 323 287 253 287 323 323 324 253 250 253 324 324 321 250 325 326 327 327 328 325 328 327 329 329 330 328 331 332 333 333 334 331 334 333 335 335 336 334 336 335 337 337 338 336 338 337 326 326 325 338 339 340 341 342 343 344 344 345 342 346 347 348 348 349 346 350 346 349 349 351 350 352 350 351 351 353 352 354 355 352 352 353 354 345 344 355 355 354 345 356 357 358 358 359 356 330 329 357 357 356 330 360 361 332 332 331 360 362 363 361 361 360 362 364 365 363 363 362 364 359 358 365 365 364 359 366 367 330 330 356 366 339 341 368 342 369 370 370 343 342 371 372 348 348 347 371 373 374 372 372 371 373 375 376 374 374 373 375 377 376 375 375 378 377 369 377 378 378 370 369 379 380 359 359 364 379 380 366 356 356 359 380 381 382 362 362 360 381 383 328 330 330 367 383 382 379 364 364 362 382 384 385 339 339 386 387 339 368 386 388 384 339 339 385 340 388 339 387 352 385 350 385 384 350 346 350 384 347 346 388 346 384 388 347 388 371 388 387 371 387 373 371 375 373 386 373 387 386 368 378 386 378 375 386 368 370 378 368 341 370 341 343 370 340 344 341 344 343 341 340 355 344 352 355 385 355 340 385 338 325 389 389 390 338 383 389 325 325 328 383 391 381 360 360 331 391 392 391 331 331 334 392 393 392 334 334 336 393 390 393 336 336 338 390 394 345 354 354 395 394 396 342 345 345 394 396 397 369 342 342 396 397 398 377 369 369 397 398 399 376 377 377 398 399 400 374 376 376 399 400 401 372 374 374 400 401 402 348 372 372 401 402 403 349 348 348 402 403 404 351 349 349 403 404 405 353 351 351 404 405 395 354 353 353 405 395 399 406 407 407 400 399 398 408 406 406 399 398 397 409 408 408 398 397 396 410 409 409 397 396 394 411 410 410 396 394 395 412 411 411 394 395 405 413 412 412 395 405 404 414 413 413 405 404 403 415 414 414 404 403 402 416 415 415 403 402 401 417 416 416 402 401 400 407 417 417 401 400 363 365 406 406 408 363 361 363 408 408 409 361 332 361 409 409 410 332 333 332 410 410 411 333 335 333 411 411 412 335 337 335 412 412 413 337 326 337 413 413 414 326 327 326 414 414 415 327 329 327 415 415 416 329 357 329 416 416 417 357 358 357 417 417 407 358 365 358 407 407 406 365 222 233 241 241 227 222 222 227 230 230 219 222 219 230 244 244 234 219 254 266 267 267 258 254 254 258 261 261 255 254 255 261 270 270 263 255 418 419 236 236 223 418 420 296 236 236 419 420 296 420 421 421 226 296 418 223 226 226 421 418 319 309 298 298 286 319 285 318 319 319 286 285 318 285 320 320 317 318 317 320 284 284 316 317 104 316 284 284 69 104 295 294 296 296 226 295 422 423 418 418 421 422 420 424 422 422 421 420 425 424 420 420 419 425 418 423 425 425 419 418 308 310 299 299 298 308 247 224 223 223 238 247 311 310 308 308 315 311 423 426 427 427 425 423 428 426 423 423 422 428 424 429 428 428 422 424 425 427 429 429 424 425 315 426 311 312 311 426 426 428 312 429 313 312 312 428 429 429 427 314 314 313 429 427 426 315 315 314 427 128 430 129 430 128 168 430 168 171 430 171 170 430 170 169 430 169 178 430 178 214 430 214 213 430 213 212 430 212 211 430 211 172 430 172 129 431 367 366 431 366 380 431 380 379 431 379 382 431 382 381 431 381 391 431 391 392 431 392 393 431 393 390 389 431 390 431 389 383 431 383 367 22 25 24 24 23 22 25 22 26 13 23 24 24 16 13 50 53 52 52 51 50 50 54 53 51 52 47 47 48 51</p>
        </polylist>
      </mesh>
    </geometry>
  </library_geometries>
  <library_controllers />
  <library_visual_scenes>
    <visual_scene id="RootNode" name="RootNode">
      <node id="m_headphone" sid="m_headphone" name="m_headphone" type="NODE">
        <matrix sid="matrix">1 0 0 0 0 1 0 0 0 0 1 0 0 0 0 1</matrix>
        <instance_geometry url="#meshId0">
          <bind_material>
            <technique_common>
              <instance_material symbol="defaultMaterial" target="#headphone_mt1">
                <bind_vertex_input semantic="CHANNEL0" input_semantic="TEXCOORD" input_set="0" />
              </instance_material>
            </technique_common>
          </bind_material>
        </instance_geometry>
      </node>
      <node id="m_headphone1" sid="m_headphone1" name="m_headphone1" type="NODE">
        <matrix sid="matrix">1 0 0 0 0 1 0 0 0 0 1 0 0 0 0 1</matrix>
        <instance_geometry url="#meshId1">
          <bind_material>
            <technique_common>
              <instance_material symbol="defaultMaterial" target="#outline" />
            </technique_common>
          </bind_material>
        </instance_geometry>
      </node>
    </visual_scene>
  </library_visual_scenes>
  <scene>
    <instance_visual_scene url="#RootNode" />
  </scene>
</COLLADA>